season_year,team_id,team_code,team_name_en,team_name_es,country_en,country_es,defending__recovered_ball,defending__tackles,defending__tackles_won,defending__tackles_lost,defending__clearance_attempted,defending__matches_appearance
1992,52748,MAR,Marseille,Marseille,France,Francia,,,,,,11.0
1992,50058,MIL,Milan,Milan,Italy,Italia,,,,,,11.0
1992,54266,CSM,CSKA Moskva,CSKA Moskva,Russia,Rusia,,,,,,10.0
1992,50121,RAN,Rangers,Rangers,Scotland,Escocia,,,,,,10.0
1992,50066,IFK,Göteborg,Göteborg,Sweden,Suecia,,,,,,10.0
1992,50064,POR,Porto,Porto,Portugal,Portugal,,,,,,10.0
1992,50062,PSV,PSV,PSV,Netherlands,Holanda,,,,,,10.0
1992,50043,BRU,Club Brugge,Club Brugge,Belgium,Bélgica,,,,,,10.0
1992,53361,LEE,Leeds,Leeds,England,Inglaterra,,,,,,5.0
1992,64227,LPO,Lech Poznań,Lech Poznań,Poland,Polonia,,,,,,4.0
1992,52824,SIO,Sion,Sion,Switzerland,Suiza,,,,,,4.0
1992,52797,SLB,S. Bratislava,S. Bratislava,Slovakia,Eslovaquia,,,,,,4.0
1992,50129,AEK,AEK Athens,AEK Athens,Greece,Grecia,,,,,,4.0
1992,50110,AUS,Austria Wien,Austria Wien,Austria,Austria,,,,,,4.0
1992,50098,DB,Dinamo Bucureşti,Dinamo Bucureşti,Romania,Rumanía,,,,,,4.0
1992,50080,BAR,Barcelona,Barcelona,Spain,España,,,,,,4.0
1992,50107,STU,Stuttgart,Stuttgart,Germany,Alemania,,,,,,3.0
1992,57489,TAV,Tavriya,Tavriya,Ukraine,Ucrania,,,,,,2.0
1992,57479,SKO,Skonto,Skonto,Latvia,Letonia,,,,,,2.0
1992,57477,MTA,M. Tel-Aviv,M. Tel-Aviv,Israel,Israel,,,,,,2.0
1992,53081,OLJ,Olimpija,Olimpija,Slovenia,Eslovenia,,,,,,2.0
1992,52697,VKR,Víkingur R.,Víkingur R.,Iceland,Islandia,,,,,,2.0
1992,52319,VFK,Viking,Viking,Norway,Noruega,,,,,,2.0
1992,52298,FER,Ferencváros,Ferencváros,Hungary,Hungría,,,,,,2.0
1992,50157,BES,Beşiktaş,Beşiktaş,Türkiye,Turquía,,,,,,2.0
1992,50140,USL,US Luxembourg,US Luxembourg,Luxembourg,Luxemburgo,,,,,,2.0
1992,50118,APO,APOEL,APOEL,Cyprus,Chipre,,,,,,2.0
1992,50082,LAH,Lahti,Lahti,Finland,Finlandia,,,,,,2.0
1992,50076,CSS,CSKA Sofia,CSKA Sofia,Bulgaria,Bulgaria,,,,,,2.0
1992,50056,GLE,Glentoran,Glentoran,Northern Ireland,Irlanda del Norte,,,,,,2.0
1992,50020,LYN,Lyngby,Lyngby,Denmark,Dinamarca,,,,,,2.0
1992,2602334,ZAL,Žalgiris,Žalgiris,Lithuania,Lituania,,,,,,2.0
1993,50080,BAR,Barcelona,Barcelona,Spain,España,,,,,,12.0
1993,50058,MIL,Milan,Milan,Italy,Italia,,,,,,12.0
1993,50064,POR,Porto,Porto,Portugal,Portugal,,,,,,11.0
1993,50023,MON,Monaco,Monaco,France,Francia,,,,,,11.0
1993,50074,AND,Anderlecht,Anderlecht,Belgium,Bélgica,,,,,,10.0
1993,50068,SPM,Spartak Moskva,Spartak Moskva,Russia,Rusia,,,,,,10.0
1993,50067,GAL,Galatasaray,Galatasaray,Türkiye,Turquía,,,,,,10.0
1993,50040,BRM,Bremen,Bremen,Germany,Alemania,,,,,,10.0
1993,64227,LPO,Lech Poznań,Lech Poznań,Poland,Polonia,,,,,,4.0
1993,52749,FEY,Feyenoord,Feyenoord,Netherlands,Holanda,,,,,,4.0
1993,52709,CPH,Copenhagen,Copenhagen,Denmark,Dinamarca,,,,,,4.0
1993,52682,MUN,Man Utd,Man Utd,England,Inglaterra,,,,,,4.0
1993,50110,AUS,Austria Wien,Austria Wien,Austria,Austria,,,,,,4.0
1993,50065,FCSB,FCSB,FCSB,Romania,Rumanía,,,,,,4.0
1993,50044,LSO,Levski Sofia,Levski Sofia,Bulgaria,Bulgaria,,,,,,4.0
1993,50033,SPA,Sparta Praha,Sparta Praha,Czechia,Chequia,,,,,,4.0
1993,59034,BEI,Beitar,Beitar,Israel,Israel,,,,,,2.0
1993,57479,SKO,Skonto,Skonto,Latvia,Letonia,,,,,,2.0
1993,52806,ROS,Rosenborg,Rosenborg,Norway,Noruega,,,,,,2.0
1993,52803,COR,Cork,Cork,Republic of Ireland,República de Irlanda,,,,,,2.0
1993,52723,DKY,Dynamo Kyiv,Dynamo Kyiv,Ukraine,Ucrania,,,,,,2.0
1993,52341,AIK,AIK,AIK,Sweden,Suecia,,,,,,2.0
1993,50164,DIN,GNK Dinamo,GNK Dinamo,Croatia,Croacia,,,,,,2.0
1993,50161,DMI,Dinamo-Minsk,Dinamo-Minsk,Belarus,Bielorrusia,,,,,,2.0
1993,50135,AKR,ÍA,ÍA,Iceland,Islandia,,,,,,2.0
1993,50134,LIN,Linfield,Linfield,Northern Ireland,Irlanda del Norte,,,,,,2.0
1993,50129,AEK,AEK Athens,AEK Athens,Greece,Grecia,,,,,,2.0
1993,50121,RAN,Rangers,Rangers,Scotland,Escocia,,,,,,2.0
1993,50092,FLO,Floriana,Floriana,Malta,Malta,,,,,,2.0
1993,50054,HON,Honvéd,Honvéd,Hungary,Hungría,,,,,,2.0
1993,50052,HJK,HJK,HJK,Finland,Finlandia,,,,,,2.0
1993,50035,AAR,Aarau,Aarau,Switzerland,Suiza,,,,,,2.0
1994,50143,AJX,Ajax,Ajax,Netherlands,Holanda,,,,,,11.0
1994,50058,MIL,Milan,Milan,Italy,Italia,,,,,,11.0
1994,52747,PSG,Paris,Paris,France,Francia,,,,,,10.0
1994,50037,BAY,Bayern München,Bayern München,Germany,Alemania,,,,,,10.0
1994,52359,HAJ,Hajduk Split,Hajduk Split,Croatia,Croacia,,,,,,8.0
1994,50147,BEN,Benfica,Benfica,Portugal,Portugal,,,,,,8.0
1994,50080,BAR,Barcelona,Barcelona,Spain,España,,,,,,8.0
1994,50066,IFK,Göteborg,Göteborg,Sweden,Suecia,,,,,,8.0
1994,52723,DKY,Dynamo Kyiv,Dynamo Kyiv,Ukraine,Ucrania,,,,,,6.0
1994,52682,MUN,Man Utd,Man Utd,England,Inglaterra,,,,,,6.0
1994,50129,AEK,AEK Athens,AEK Athens,Greece,Grecia,,,,,,6.0
1994,50074,AND,Anderlecht,Anderlecht,Belgium,Bélgica,,,,,,6.0
1994,50068,SPM,Spartak Moskva,Spartak Moskva,Russia,Rusia,,,,,,6.0
1994,50067,GAL,Galatasaray,Galatasaray,Türkiye,Turquía,,,,,,6.0
1994,50065,FCSB,FCSB,FCSB,Romania,Rumanía,,,,,,6.0
1994,50030,SAL,Salzburg,Salzburg,Austria,Austria,,,,,,6.0
1995,50143,AJX,Ajax,Ajax,Netherlands,Holanda,,,,,,11.0
1995,50139,JUV,Juventus,Juventus,Italy,Italia,,,,,,11.0
1995,52693,NAN,Nantes,Nantes,France,Francia,,,,,,10.0
1995,50084,PAN,Panathinaikos,Panathinaikos,Greece,Grecia,,,,,,10.0
1995,52758,BVB,B. Dortmund,B. Dortmund,Germany,Alemania,,,,,,8.0
1995,50146,LEG,Legia Warszawa,Legia Warszawa,Poland,Polonia,,,,,,8.0
1995,50068,SPM,Spartak Moskva,Spartak Moskva,Russia,Rusia,,,,,,8.0
1995,50051,RMA,Real Madrid,Real Madrid,Spain,España,,,,,,8.0
1995,54186,AAL,AaB,AaB,Denmark,Dinamarca,,,,,,6.0
1995,53344,BLA,Blackburn,Blackburn,England,Inglaterra,,,,,,6.0
1995,52806,ROS,Rosenborg,Rosenborg,Norway,Noruega,,,,,,6.0
1995,52298,FER,Ferencváros,Ferencváros,Hungary,Hungría,,,,,,6.0
1995,50121,RAN,Rangers,Rangers,Scotland,Escocia,,,,,,6.0
1995,50065,FCSB,FCSB,FCSB,Romania,Rumanía,,,,,,6.0
1995,50064,POR,Porto,Porto,Portugal,Portugal,,,,,,6.0
1995,50004,GCZ,Grasshoppers,Grasshoppers,Switzerland,Suiza,,,,,,6.0
1996,52758,BVB,B. Dortmund,B. Dortmund,Germany,Alemania,,,,,,11.0
1996,50139,JUV,Juventus,Juventus,Italy,Italia,,,,,,11.0
1996,52682,MUN,Man Utd,Man Utd,England,Inglaterra,,,,,,10.0
1996,50143,AJX,Ajax,Ajax,Netherlands,Holanda,,,,,,10.0
1996,52806,ROS,Rosenborg,Rosenborg,Norway,Noruega,,,,,,8.0
1996,52269,AJA,Auxerre,Auxerre,France,Francia,,,,,,8.0
1996,50124,ATM,Atleti,Atleti,Spain,España,,,,,,8.0
1996,50064,POR,Porto,Porto,Portugal,Portugal,,,,,,8.0
1996,52752,WID,Widzew,Widzew,Poland,Polonia,,,,,,6.0
1996,52692,FEN,Fenerbahçe,Fenerbahçe,Türkiye,Turquía,,,,,,6.0
1996,50121,RAN,Rangers,Rangers,Scotland,Escocia,,,,,,6.0
1996,50066,IFK,Göteborg,Göteborg,Sweden,Suecia,,,,,,6.0
1996,50065,FCSB,FCSB,FCSB,Romania,Rumanía,,,,,,6.0
1996,50058,MIL,Milan,Milan,Italy,Italia,,,,,,6.0
1996,50042,RAP,SK Rapid,SK Rapid,Austria,Austria,,,,,,6.0
1996,50004,GCZ,Grasshoppers,Grasshoppers,Switzerland,Suiza,,,,,,6.0
1997,50139,JUV,Juventus,Juventus,Italy,Italia,,,,,,11.0
1997,50051,RMA,Real Madrid,Real Madrid,Spain,España,,,,,,11.0
1997,52758,BVB,B. Dortmund,B. Dortmund,Germany,Alemania,,,,,,10.0
1997,50023,MON,Monaco,Monaco,France,Francia,,,,,,10.0
1997,52723,DKY,Dynamo Kyiv,Dynamo Kyiv,Ukraine,Ucrania,,,,,,8.0
1997,52682,MUN,Man Utd,Man Utd,England,Inglaterra,,,,,,8.0
1997,50109,LEV,Leverkusen,Leverkusen,Germany,Alemania,,,,,,8.0
1997,50037,BAY,Bayern München,Bayern München,Germany,Alemania,,,,,,8.0
1997,8404,LIE,Lierse,Lierse,Belgium,Bélgica,,,,,,6.0
1997,59324,NEW,Newcastle,Newcastle,England,Inglaterra,,,,,,6.0
1997,59029,KOS,Košice,Košice,Slovakia,Eslovaquia,,,,,,6.0
1997,54262,PAR,Parma,Parma,Italy,Italia,,,,,,6.0
1997,52806,ROS,Rosenborg,Rosenborg,Norway,Noruega,,,,,,6.0
1997,52749,FEY,Feyenoord,Feyenoord,Netherlands,Holanda,,,,,,6.0
1997,52747,PSG,Paris,Paris,France,Francia,,,,,,6.0
1997,50157,BES,Beşiktaş,Beşiktaş,Türkiye,Turquía,,,,,,6.0
1997,50149,SPO,Sporting CP,Sporting CP,Portugal,Portugal,,,,,,6.0
1997,50080,BAR,Barcelona,Barcelona,Spain,España,,,,,,6.0
1997,50067,GAL,Galatasaray,Galatasaray,Türkiye,Turquía,,,,,,6.0
1997,50066,IFK,Göteborg,Göteborg,Sweden,Suecia,,,,,,6.0
1997,50064,POR,Porto,Porto,Portugal,Portugal,,,,,,6.0
1997,50062,PSV,PSV,PSV,Netherlands,Holanda,,,,,,6.0
1997,50033,SPA,Sparta Praha,Sparta Praha,Czechia,Chequia,,,,,,6.0
1997,2610,OLY,Olympiacos,Olympiacos,Greece,Grecia,,,,,,6.0
1998,52682,MUN,Man Utd,Man Utd,England,Inglaterra,,,,,,11.0
1998,50037,BAY,Bayern München,Bayern München,Germany,Alemania,,,,,,11.0
1998,52723,DKY,Dynamo Kyiv,Dynamo Kyiv,Ukraine,Ucrania,,,,,,10.0
1998,50139,JUV,Juventus,Juventus,Italy,Italia,,,,,,10.0
1998,50138,INT,Inter,Inter,Italy,Italia,,,,,,8.0
1998,50051,RMA,Real Madrid,Real Madrid,Spain,España,,,,,,8.0
1998,3695,KAI,Kaiserslautern,Kaiserslautern,Germany,Alemania,,,,,,8.0
1998,2610,OLY,Olympiacos,Olympiacos,Greece,Grecia,,,,,,8.0
1998,52806,ROS,Rosenborg,Rosenborg,Norway,Noruega,,,,,,6.0
1998,52280,ARS,Arsenal,Arsenal,England,Inglaterra,,,,,,6.0
1998,52277,LEN,Lens,Lens,France,Francia,,,,,,6.0
1998,50164,DIN,GNK Dinamo,GNK Dinamo,Croatia,Croacia,,,,,,6.0
1998,50147,BEN,Benfica,Benfica,Portugal,Portugal,,,,,,6.0
1998,50143,AJX,Ajax,Ajax,Netherlands,Holanda,,,,,,6.0
1998,50125,ATH,Athletic Club,Athletic Club,Spain,España,,,,,,6.0
1998,50111,SGR,Sturm Graz,Sturm Graz,Austria,Austria,,,,,,6.0
1998,50084,PAN,Panathinaikos,Panathinaikos,Greece,Grecia,,,,,,6.0
1998,50080,BAR,Barcelona,Barcelona,Spain,España,,,,,,6.0
1998,50068,SPM,Spartak Moskva,Spartak Moskva,Russia,Rusia,,,,,,6.0
1998,50067,GAL,Galatasaray,Galatasaray,Türkiye,Turquía,,,,,,6.0
1998,50064,POR,Porto,Porto,Portugal,Portugal,,,,,,6.0
1998,50062,PSV,PSV,PSV,Netherlands,Holanda,,,,,,6.0
1998,50052,HJK,HJK,HJK,Finland,Finlandia,,,,,,6.0
1998,50021,BRO,Brøndby,Brøndby,Denmark,Dinamarca,,,,,,6.0
1999,52268,VAL,Valencia,Valencia,Spain,España,,,,,,17.0
1999,50051,RMA,Real Madrid,Real Madrid,Spain,España,,,,,,17.0
1999,50080,BAR,Barcelona,Barcelona,Spain,España,,,,,,16.0
1999,50037,BAY,Bayern München,Bayern München,Germany,Alemania,,,,,,16.0
1999,52973,LAZ,Lazio,Lazio,Italy,Italia,,,,,,14.0
1999,52914,CHE,Chelsea,Chelsea,England,Inglaterra,,,,,,14.0
1999,52682,MUN,Man Utd,Man Utd,England,Inglaterra,,,,,,14.0
1999,50064,POR,Porto,Porto,Portugal,Portugal,,,,,,14.0
1999,5451,HER,Hertha,Hertha,Germany,Alemania,,,,,,12.0
1999,52817,FIO,Fiorentina,Fiorentina,Italy,Italia,,,,,,12.0
1999,52806,ROS,Rosenborg,Rosenborg,Norway,Noruega,,,,,,12.0
1999,52749,FEY,Feyenoord,Feyenoord,Netherlands,Holanda,,,,,,12.0
1999,52748,MAR,Marseille,Marseille,France,Francia,,,,,,12.0
1999,52723,DKY,Dynamo Kyiv,Dynamo Kyiv,Ukraine,Ucrania,,,,,,12.0
1999,50127,BOR,Bordeaux,Bordeaux,France,Francia,,,,,,12.0
1999,50033,SPA,Sparta Praha,Sparta Praha,Czechia,Chequia,,,,,,12.0
1999,57490,MRB,Maribor,Maribor,Slovenia,Eslovenia,,,,,,6.0
1999,52987,WIL,Willem II,Willem II,Netherlands,Holanda,,,,,,6.0
1999,52819,BOA,Boavista,Boavista,Portugal,Portugal,,,,,,6.0
1999,52758,BVB,B. Dortmund,B. Dortmund,Germany,Alemania,,,,,,6.0
1999,52341,AIK,AIK,AIK,Sweden,Suecia,,,,,,6.0
1999,52280,ARS,Arsenal,Arsenal,England,Inglaterra,,,,,,6.0
1999,50164,DIN,GNK Dinamo,GNK Dinamo,Croatia,Croacia,,,,,,6.0
1999,50142,MOL,Molde,Molde,Norway,Noruega,,,,,,6.0
1999,50121,RAN,Rangers,Rangers,Scotland,Escocia,,,,,,6.0
1999,50111,SGR,Sturm Graz,Sturm Graz,Austria,Austria,,,,,,6.0
1999,50109,LEV,Leverkusen,Leverkusen,Germany,Alemania,,,,,,6.0
1999,50068,SPM,Spartak Moskva,Spartak Moskva,Russia,Rusia,,,,,,6.0
1999,50067,GAL,Galatasaray,Galatasaray,Türkiye,Turquía,,,,,,6.0
1999,50062,PSV,PSV,PSV,Netherlands,Holanda,,,,,,6.0
1999,50058,MIL,Milan,Milan,Italy,Italia,,,,,,6.0
1999,2610,OLY,Olympiacos,Olympiacos,Greece,Grecia,,,,,,6.0
2000,52268,VAL,Valencia,Valencia,Spain,España,,,,,,17.0
2000,50037,BAY,Bayern München,Bayern München,Germany,Alemania,,,,,,17.0
2000,53361,LEE,Leeds,Leeds,England,Inglaterra,,,,,,16.0
2000,50051,RMA,Real Madrid,Real Madrid,Spain,España,,,,,,16.0
2000,59044,DEP,Deportivo,Deportivo,Spain,España,,,,,,14.0
2000,52682,MUN,Man Utd,Man Utd,England,Inglaterra,,,,,,14.0
2000,52280,ARS,Arsenal,Arsenal,England,Inglaterra,,,,,,14.0
2000,50067,GAL,Galatasaray,Galatasaray,Türkiye,Turquía,,,,,,14.0
2000,5312,LYO,Lyon,Lyon,France,Francia,,,,,,12.0
2000,52973,LAZ,Lazio,Lazio,Italy,Italia,,,,,,12.0
2000,52747,PSG,Paris,Paris,France,Francia,,,,,,12.0
2000,50111,SGR,Sturm Graz,Sturm Graz,Austria,Austria,,,,,,12.0
2000,50084,PAN,Panathinaikos,Panathinaikos,Greece,Grecia,,,,,,12.0
2000,50074,AND,Anderlecht,Anderlecht,Belgium,Bélgica,,,,,,12.0
2000,50068,SPM,Spartak Moskva,Spartak Moskva,Russia,Rusia,,,,,,12.0
2000,50058,MIL,Milan,Milan,Italy,Italia,,,,,,12.0
2000,60401,HEL,Helsingborg,Helsingborg,Sweden,Suecia,,,,,,6.0
2000,59862,HVN,Heerenveen,Heerenveen,Netherlands,Holanda,,,,,,6.0
2000,52806,ROS,Rosenborg,Rosenborg,Norway,Noruega,,,,,,6.0
2000,52723,DKY,Dynamo Kyiv,Dynamo Kyiv,Ukraine,Ucrania,,,,,,6.0
2000,52707,SHK,Shakhtar,Shakhtar,Ukraine,Ucrania,,,,,,6.0
2000,52167,HSV,Hamburg,Hamburg,Germany,Alemania,,,,,,6.0
2000,50157,BES,Beşiktaş,Beşiktaş,Türkiye,Turquía,,,,,,6.0
2000,50149,SPO,Sporting CP,Sporting CP,Portugal,Portugal,,,,,,6.0
2000,50139,JUV,Juventus,Juventus,Italy,Italia,,,,,,6.0
2000,50121,RAN,Rangers,Rangers,Scotland,Escocia,,,,,,6.0
2000,50109,LEV,Leverkusen,Leverkusen,Germany,Alemania,,,,,,6.0
2000,50080,BAR,Barcelona,Barcelona,Spain,España,,,,,,6.0
2000,50062,PSV,PSV,PSV,Netherlands,Holanda,,,,,,6.0
2000,50033,SPA,Sparta Praha,Sparta Praha,Czechia,Chequia,,,,,,6.0
2000,50023,MON,Monaco,Monaco,France,Francia,,,,,,6.0
2000,2610,OLY,Olympiacos,Olympiacos,Greece,Grecia,,,,,,6.0
2001,50109,LEV,Leverkusen,Leverkusen,Germany,Alemania,,,,,,17.0
2001,50051,RMA,Real Madrid,Real Madrid,Spain,España,,,,,,17.0
2001,52682,MUN,Man Utd,Man Utd,England,Inglaterra,,,,,,16.0
2001,50080,BAR,Barcelona,Barcelona,Spain,España,,,,,,16.0
2001,7889,LIV,Liverpool,Liverpool,England,Inglaterra,,,,,,14.0
2001,59044,DEP,Deportivo,Deportivo,Spain,España,,,,,,14.0
2001,50084,PAN,Panathinaikos,Panathinaikos,Greece,Grecia,,,,,,14.0
2001,50037,BAY,Bayern München,Bayern München,Germany,Alemania,,,,,,14.0
2001,52819,BOA,Boavista,Boavista,Portugal,Portugal,,,,,,12.0
2001,52693,NAN,Nantes,Nantes,France,Francia,,,,,,12.0
2001,52280,ARS,Arsenal,Arsenal,England,Inglaterra,,,,,,12.0
2001,50139,JUV,Juventus,Juventus,Italy,Italia,,,,,,12.0
2001,50137,ROM,Roma,Roma,Italy,Italia,,,,,,12.0
2001,50067,GAL,Galatasaray,Galatasaray,Türkiye,Turquía,,,,,,12.0
2001,50064,POR,Porto,Porto,Portugal,Portugal,,,,,,12.0
2001,50033,SPA,Sparta Praha,Sparta Praha,Czechia,Chequia,,,,,,12.0
2001,75797,LIL,Lille,Lille,France,Francia,,,,,,6.0
2001,57388,SCH,Schalke,Schalke,Germany,Alemania,,,,,,6.0
2001,5312,LYO,Lyon,Lyon,France,Francia,,,,,,6.0
2001,53065,LMO,Lokomotiv Moskva,Lokomotiv Moskva,Russia,Rusia,,,,,,6.0
2001,53044,MAL,Mallorca,Mallorca,Spain,España,,,,,,6.0
2001,52973,LAZ,Lazio,Lazio,Italy,Italia,,,,,,6.0
2001,52806,ROS,Rosenborg,Rosenborg,Norway,Noruega,,,,,,6.0
2001,52758,BVB,B. Dortmund,B. Dortmund,Germany,Alemania,,,,,,6.0
2001,52749,FEY,Feyenoord,Feyenoord,Netherlands,Holanda,,,,,,6.0
2001,52723,DKY,Dynamo Kyiv,Dynamo Kyiv,Ukraine,Ucrania,,,,,,6.0
2001,52692,FEN,Fenerbahçe,Fenerbahçe,Türkiye,Turquía,,,,,,6.0
2001,50074,AND,Anderlecht,Anderlecht,Belgium,Bélgica,,,,,,6.0
2001,50068,SPM,Spartak Moskva,Spartak Moskva,Russia,Rusia,,,,,,6.0
2001,50062,PSV,PSV,PSV,Netherlands,Holanda,,,,,,6.0
2001,50050,CEL,Celtic,Celtic,Scotland,Escocia,,,,,,6.0
2001,2610,OLY,Olympiacos,Olympiacos,Greece,Grecia,,,,,,6.0
2002,50139,JUV,Juventus,Juventus,Italy,Italia,,,,,,17.0
2002,50058,MIL,Milan,Milan,Italy,Italia,,,,,,17.0
2002,50138,INT,Inter,Inter,Italy,Italia,,,,,,16.0
2002,50051,RMA,Real Madrid,Real Madrid,Spain,España,,,,,,16.0
2002,52682,MUN,Man Utd,Man Utd,England,Inglaterra,,,,,,14.0
2002,52268,VAL,Valencia,Valencia,Spain,España,,,,,,14.0
2002,50143,AJX,Ajax,Ajax,Netherlands,Holanda,,,,,,14.0
2002,50080,BAR,Barcelona,Barcelona,Spain,España,,,,,,14.0
2002,59856,BSL,Basel,Basel,Switzerland,Suiza,,,,,,12.0
2002,59324,NEW,Newcastle,Newcastle,England,Inglaterra,,,,,,12.0
2002,59044,DEP,Deportivo,Deportivo,Spain,España,,,,,,12.0
2002,53065,LMO,Lokomotiv Moskva,Lokomotiv Moskva,Russia,Rusia,,,,,,12.0
2002,52758,BVB,B. Dortmund,B. Dortmund,Germany,Alemania,,,,,,12.0
2002,52280,ARS,Arsenal,Arsenal,England,Inglaterra,,,,,,12.0
2002,50137,ROM,Roma,Roma,Italy,Italia,,,,,,12.0
2002,50109,LEV,Leverkusen,Leverkusen,Germany,Alemania,,,,,,12.0
2002,7889,LIV,Liverpool,Liverpool,England,Inglaterra,,,,,,6.0
2002,61582,GEN,Genk,Genk,Belgium,Bélgica,,,,,,6.0
2002,59045,MHA,Maccabi Haifa,Maccabi Haifa,Israel,Israel,,,,,,6.0
2002,5312,LYO,Lyon,Lyon,France,Francia,,,,,,6.0
2002,52806,ROS,Rosenborg,Rosenborg,Norway,Noruega,,,,,,6.0
2002,52749,FEY,Feyenoord,Feyenoord,Netherlands,Holanda,,,,,,6.0
2002,52723,DKY,Dynamo Kyiv,Dynamo Kyiv,Ukraine,Ucrania,,,,,,6.0
2002,52277,LEN,Lens,Lens,France,Francia,,,,,,6.0
2002,52269,AJA,Auxerre,Auxerre,France,Francia,,,,,,6.0
2002,50129,AEK,AEK Athens,AEK Athens,Greece,Grecia,,,,,,6.0
2002,50068,SPM,Spartak Moskva,Spartak Moskva,Russia,Rusia,,,,,,6.0
2002,50067,GAL,Galatasaray,Galatasaray,Türkiye,Turquía,,,,,,6.0
2002,50062,PSV,PSV,PSV,Netherlands,Holanda,,,,,,6.0
2002,50043,BRU,Club Brugge,Club Brugge,Belgium,Bélgica,,,,,,6.0
2002,50037,BAY,Bayern München,Bayern München,Germany,Alemania,,,,,,6.0
2002,2610,OLY,Olympiacos,Olympiacos,Greece,Grecia,,,,,,6.0
2003,50064,POR,Porto,Porto,Portugal,Portugal,,,,,,13.0
2003,50023,MON,Monaco,Monaco,France,Francia,,,,,,13.0
2003,59044,DEP,Deportivo,Deportivo,Spain,España,,,,,,12.0
2003,52914,CHE,Chelsea,Chelsea,England,Inglaterra,,,,,,12.0
2003,5312,LYO,Lyon,Lyon,France,Francia,,,,,,10.0
2003,52280,ARS,Arsenal,Arsenal,England,Inglaterra,,,,,,10.0
2003,50058,MIL,Milan,Milan,Italy,Italia,,,,,,10.0
2003,50051,RMA,Real Madrid,Real Madrid,Spain,España,,,,,,10.0
2003,53065,LMO,Lokomotiv Moskva,Lokomotiv Moskva,Russia,Rusia,,,,,,8.0
2003,53043,CLT,Celta,Celta,Spain,España,,,,,,8.0
2003,52682,MUN,Man Utd,Man Utd,England,Inglaterra,,,,,,8.0
2003,50139,JUV,Juventus,Juventus,Italy,Italia,,,,,,8.0
2003,50123,RSO,Real Sociedad,Real Sociedad,Spain,España,,,,,,8.0
2003,50107,STU,Stuttgart,Stuttgart,Germany,Alemania,,,,,,8.0
2003,50037,BAY,Bayern München,Bayern München,Germany,Alemania,,,,,,8.0
2003,50033,SPA,Sparta Praha,Sparta Praha,Czechia,Chequia,,,,,,8.0
2003,52973,LAZ,Lazio,Lazio,Italy,Italia,,,,,,6.0
2003,52748,MAR,Marseille,Marseille,France,Francia,,,,,,6.0
2003,52723,DKY,Dynamo Kyiv,Dynamo Kyiv,Ukraine,Ucrania,,,,,,6.0
2003,50162,PRT,Partizan,Partizan,Serbia,Serbia,,,,,,6.0
2003,50157,BES,Beşiktaş,Beşiktaş,Türkiye,Turquía,,,,,,6.0
2003,50143,AJX,Ajax,Ajax,Netherlands,Holanda,,,,,,6.0
2003,50138,INT,Inter,Inter,Italy,Italia,,,,,,6.0
2003,50129,AEK,AEK Athens,AEK Athens,Greece,Grecia,,,,,,6.0
2003,50121,RAN,Rangers,Rangers,Scotland,Escocia,,,,,,6.0
2003,50084,PAN,Panathinaikos,Panathinaikos,Greece,Grecia,,,,,,6.0
2003,50074,AND,Anderlecht,Anderlecht,Belgium,Bélgica,,,,,,6.0
2003,50067,GAL,Galatasaray,Galatasaray,Türkiye,Turquía,,,,,,6.0
2003,50062,PSV,PSV,PSV,Netherlands,Holanda,,,,,,6.0
2003,50050,CEL,Celtic,Celtic,Scotland,Escocia,,,,,,6.0
2003,50043,BRU,Club Brugge,Club Brugge,Belgium,Bélgica,,,,,,6.0
2003,2610,OLY,Olympiacos,Olympiacos,Greece,Grecia,,,,,,6.0
2004,7889,LIV,Liverpool,Liverpool,England,Inglaterra,,,,,,13.0
2004,50058,MIL,Milan,Milan,Italy,Italia,,,,,,13.0
2004,52914,CHE,Chelsea,Chelsea,England,Inglaterra,,,,,,12.0
2004,50062,PSV,PSV,PSV,Netherlands,Holanda,,,,,,12.0
2004,5312,LYO,Lyon,Lyon,France,Francia,,,,,,10.0
2004,50139,JUV,Juventus,Juventus,Italy,Italia,,,,,,10.0
2004,50138,INT,Inter,Inter,Italy,Italia,,,,,,10.0
2004,50037,BAY,Bayern München,Bayern München,Germany,Alemania,,,,,,10.0
2004,52682,MUN,Man Utd,Man Utd,England,Inglaterra,,,,,,8.0
2004,52280,ARS,Arsenal,Arsenal,England,Inglaterra,,,,,,8.0
2004,50109,LEV,Leverkusen,Leverkusen,Germany,Alemania,,,,,,8.0
2004,50080,BAR,Barcelona,Barcelona,Spain,España,,,,,,8.0
2004,50064,POR,Porto,Porto,Portugal,Portugal,,,,,,8.0
2004,50051,RMA,Real Madrid,Real Madrid,Spain,España,,,,,,8.0
2004,50040,BRM,Bremen,Bremen,Germany,Alemania,,,,,,8.0
2004,50023,MON,Monaco,Monaco,France,Francia,,,,,,8.0
2004,59044,DEP,Deportivo,Deportivo,Spain,España,,,,,,6.0
2004,57477,MTA,M. Tel-Aviv,M. Tel-Aviv,Israel,Israel,,,,,,6.0
2004,54266,CSM,CSKA Moskva,CSKA Moskva,Russia,Rusia,,,,,,6.0
2004,52806,ROS,Rosenborg,Rosenborg,Norway,Noruega,,,,,,6.0
2004,52747,PSG,Paris,Paris,France,Francia,,,,,,6.0
2004,52723,DKY,Dynamo Kyiv,Dynamo Kyiv,Ukraine,Ucrania,,,,,,6.0
2004,52707,SHK,Shakhtar,Shakhtar,Ukraine,Ucrania,,,,,,6.0
2004,52692,FEN,Fenerbahçe,Fenerbahçe,Türkiye,Turquía,,,,,,6.0
2004,52268,VAL,Valencia,Valencia,Spain,España,,,,,,6.0
2004,50143,AJX,Ajax,Ajax,Netherlands,Holanda,,,,,,6.0
2004,50137,ROM,Roma,Roma,Italy,Italia,,,,,,6.0
2004,50084,PAN,Panathinaikos,Panathinaikos,Greece,Grecia,,,,,,6.0
2004,50074,AND,Anderlecht,Anderlecht,Belgium,Bélgica,,,,,,6.0
2004,50050,CEL,Celtic,Celtic,Scotland,Escocia,,,,,,6.0
2004,50033,SPA,Sparta Praha,Sparta Praha,Czechia,Chequia,,,,,,6.0
2004,2610,OLY,Olympiacos,Olympiacos,Greece,Grecia,,,,,,6.0
2005,52280,ARS,Arsenal,Arsenal,England,Inglaterra,,,,,,13.0
2005,50080,BAR,Barcelona,Barcelona,Spain,España,,,,,,13.0
2005,70691,VIL,Villarreal,Villarreal,Spain,España,,,,,,12.0
2005,50058,MIL,Milan,Milan,Italy,Italia,,,,,,12.0
2005,5312,LYO,Lyon,Lyon,France,Francia,,,,,,10.0
2005,50147,BEN,Benfica,Benfica,Portugal,Portugal,,,,,,10.0
2005,50139,JUV,Juventus,Juventus,Italy,Italia,,,,,,10.0
2005,50138,INT,Inter,Inter,Italy,Italia,,,,,,10.0
2005,7889,LIV,Liverpool,Liverpool,England,Inglaterra,,,,,,8.0
2005,52914,CHE,Chelsea,Chelsea,England,Inglaterra,,,,,,8.0
2005,50143,AJX,Ajax,Ajax,Netherlands,Holanda,,,,,,8.0
2005,50121,RAN,Rangers,Rangers,Scotland,Escocia,,,,,,8.0
2005,50062,PSV,PSV,PSV,Netherlands,Holanda,,,,,,8.0
2005,50051,RMA,Real Madrid,Real Madrid,Spain,España,,,,,,8.0
2005,50040,BRM,Bremen,Bremen,Germany,Alemania,,,,,,8.0
2005,50037,BAY,Bayern München,Bayern München,Germany,Alemania,,,,,,8.0
2005,80409,THU,Thun,Thun,Switzerland,Suiza,,,,,,6.0
2005,75797,LIL,Lille,Lille,France,Francia,,,,,,6.0
2005,64519,PET,Petržalka,Petržalka,Slovakia,Eslovaquia,,,,,,6.0
2005,57388,SCH,Schalke,Schalke,Germany,Alemania,,,,,,6.0
2005,52806,ROS,Rosenborg,Rosenborg,Norway,Noruega,,,,,,6.0
2005,52692,FEN,Fenerbahçe,Fenerbahçe,Türkiye,Turquía,,,,,,6.0
2005,52682,MUN,Man Utd,Man Utd,England,Inglaterra,,,,,,6.0
2005,52265,BET,Real Betis,Real Betis,Spain,España,,,,,,6.0
2005,51310,UDI,Udinese,Udinese,Italy,Italia,,,,,,6.0
2005,50084,PAN,Panathinaikos,Panathinaikos,Greece,Grecia,,,,,,6.0
2005,50074,AND,Anderlecht,Anderlecht,Belgium,Bélgica,,,,,,6.0
2005,50064,POR,Porto,Porto,Portugal,Portugal,,,,,,6.0
2005,50043,BRU,Club Brugge,Club Brugge,Belgium,Bélgica,,,,,,6.0
2005,50042,RAP,SK Rapid,SK Rapid,Austria,Austria,,,,,,6.0
2005,50033,SPA,Sparta Praha,Sparta Praha,Czechia,Chequia,,,,,,6.0
2005,2610,OLY,Olympiacos,Olympiacos,Greece,Grecia,,,,,,6.0
2006,7889,LIV,Liverpool,Liverpool,England,Inglaterra,,,,,,13.0
2006,50058,MIL,Milan,Milan,Italy,Italia,,,,,,13.0
2006,52914,CHE,Chelsea,Chelsea,England,Inglaterra,,,,,,12.0
2006,52682,MUN,Man Utd,Man Utd,England,Inglaterra,,,,,,12.0
2006,52268,VAL,Valencia,Valencia,Spain,España,,,,,,10.0
2006,50137,ROM,Roma,Roma,Italy,Italia,,,,,,10.0
2006,50062,PSV,PSV,PSV,Netherlands,Holanda,,,,,,10.0
2006,50037,BAY,Bayern München,Bayern München,Germany,Alemania,,,,,,10.0
2006,75797,LIL,Lille,Lille,France,Francia,,,,,,8.0
2006,5312,LYO,Lyon,Lyon,France,Francia,,,,,,8.0
2006,52280,ARS,Arsenal,Arsenal,England,Inglaterra,,,,,,8.0
2006,50138,INT,Inter,Inter,Italy,Italia,,,,,,8.0
2006,50080,BAR,Barcelona,Barcelona,Spain,España,,,,,,8.0
2006,50064,POR,Porto,Porto,Portugal,Portugal,,,,,,8.0
2006,50051,RMA,Real Madrid,Real Madrid,Spain,España,,,,,,8.0
2006,50050,CEL,Celtic,Celtic,Scotland,Escocia,,,,,,8.0
2006,54266,CSM,CSKA Moskva,CSKA Moskva,Russia,Rusia,,,,,,6.0
2006,52723,DKY,Dynamo Kyiv,Dynamo Kyiv,Ukraine,Ucrania,,,,,,6.0
2006,52709,CPH,Copenhagen,Copenhagen,Denmark,Dinamarca,,,,,,6.0
2006,52707,SHK,Shakhtar,Shakhtar,Ukraine,Ucrania,,,,,,6.0
2006,52167,HSV,Hamburg,Hamburg,Germany,Alemania,,,,,,6.0
2006,50149,SPO,Sporting CP,Sporting CP,Portugal,Portugal,,,,,,6.0
2006,50147,BEN,Benfica,Benfica,Portugal,Portugal,,,,,,6.0
2006,50129,AEK,AEK Athens,AEK Athens,Greece,Grecia,,,,,,6.0
2006,50127,BOR,Bordeaux,Bordeaux,France,Francia,,,,,,6.0
2006,50074,AND,Anderlecht,Anderlecht,Belgium,Bélgica,,,,,,6.0
2006,50068,SPM,Spartak Moskva,Spartak Moskva,Russia,Rusia,,,,,,6.0
2006,50067,GAL,Galatasaray,Galatasaray,Türkiye,Turquía,,,,,,6.0
2006,50065,FCSB,FCSB,FCSB,Romania,Rumanía,,,,,,6.0
2006,50044,LSO,Levski Sofia,Levski Sofia,Bulgaria,Bulgaria,,,,,,6.0
2006,50040,BRM,Bremen,Bremen,Germany,Alemania,,,,,,6.0
2006,2610,OLY,Olympiacos,Olympiacos,Greece,Grecia,,,,,,6.0
2008,52914,CHE,Chelsea,Chelsea,England,Inglaterra,,,,,,13.0
2008,52682,MUN,Man Utd,Man Utd,England,Inglaterra,,,,,,13.0
2008,7889,LIV,Liverpool,Liverpool,England,Inglaterra,,,,,,12.0
2008,50080,BAR,Barcelona,Barcelona,Spain,España,,,,,,12.0
2008,57388,SCH,Schalke,Schalke,Germany,Alemania,,,,,,10.0
2008,52692,FEN,Fenerbahçe,Fenerbahçe,Türkiye,Turquía,,,,,,10.0
2008,52280,ARS,Arsenal,Arsenal,England,Inglaterra,,,,,,10.0
2008,50137,ROM,Roma,Roma,Italy,Italia,,,,,,10.0
2008,5312,LYO,Lyon,Lyon,France,Francia,,,,,,8.0
2008,52714,SEV,Sevilla,Sevilla,Spain,España,,,,,,8.0
2008,50138,INT,Inter,Inter,Italy,Italia,,,,,,8.0
2008,50064,POR,Porto,Porto,Portugal,Portugal,,,,,,8.0
2008,50058,MIL,Milan,Milan,Italy,Italia,,,,,,8.0
2008,50051,RMA,Real Madrid,Real Madrid,Spain,España,,,,,,8.0
2008,50050,CEL,Celtic,Celtic,Scotland,Escocia,,,,,,8.0
2008,2610,OLY,Olympiacos,Olympiacos,Greece,Grecia,,,,,,8.0
2008,54266,CSM,CSKA Moskva,CSKA Moskva,Russia,Rusia,,,,,,6.0
2008,52973,LAZ,Lazio,Lazio,Italy,Italia,,,,,,6.0
2008,52806,ROS,Rosenborg,Rosenborg,Norway,Noruega,,,,,,6.0
2008,52748,MAR,Marseille,Marseille,France,Francia,,,,,,6.0
2008,52723,DKY,Dynamo Kyiv,Dynamo Kyiv,Ukraine,Ucrania,,,,,,6.0
2008,52707,SHK,Shakhtar,Shakhtar,Ukraine,Ucrania,,,,,,6.0
2008,52498,SLA,Slavia Praha,Slavia Praha,Czechia,Chequia,,,,,,6.0
2008,52268,VAL,Valencia,Valencia,Spain,España,,,,,,6.0
2008,50157,BES,Beşiktaş,Beşiktaş,Türkiye,Turquía,,,,,,6.0
2008,50149,SPO,Sporting CP,Sporting CP,Portugal,Portugal,,,,,,6.0
2008,50147,BEN,Benfica,Benfica,Portugal,Portugal,,,,,,6.0
2008,50121,RAN,Rangers,Rangers,Scotland,Escocia,,,,,,6.0
2008,50107,STU,Stuttgart,Stuttgart,Germany,Alemania,,,,,,6.0
2008,50065,FCSB,FCSB,FCSB,Romania,Rumanía,,,,,,6.0
2008,50062,PSV,PSV,PSV,Netherlands,Holanda,,,,,,6.0
2008,50040,BRM,Bremen,Bremen,Germany,Alemania,,,,,,6.0
2009,52682,MUN,Man Utd,Man Utd,England,Inglaterra,,,,,,13.0
2009,50080,BAR,Barcelona,Barcelona,Spain,España,,,,,,13.0
2009,52914,CHE,Chelsea,Chelsea,England,Inglaterra,,,,,,12.0
2009,52280,ARS,Arsenal,Arsenal,England,Inglaterra,,,,,,12.0
2009,7889,LIV,Liverpool,Liverpool,England,Inglaterra,,,,,,10.0
2009,70691,VIL,Villarreal,Villarreal,Spain,España,,,,,,10.0
2009,50064,POR,Porto,Porto,Portugal,Portugal,,,,,,10.0
2009,50037,BAY,Bayern München,Bayern München,Germany,Alemania,,,,,,10.0
2009,5312,LYO,Lyon,Lyon,France,Francia,,,,,,8.0
2009,50149,SPO,Sporting CP,Sporting CP,Portugal,Portugal,,,,,,8.0
2009,50139,JUV,Juventus,Juventus,Italy,Italia,,,,,,8.0
2009,50138,INT,Inter,Inter,Italy,Italia,,,,,,8.0
2009,50137,ROM,Roma,Roma,Italy,Italia,,,,,,8.0
2009,50124,ATM,Atleti,Atleti,Spain,España,,,,,,8.0
2009,50084,PAN,Panathinaikos,Panathinaikos,Greece,Grecia,,,,,,8.0
2009,50051,RMA,Real Madrid,Real Madrid,Spain,España,,,,,,8.0
2009,88131,CLU,CFR Cluj,CFR Cluj,Romania,Rumanía,,,,,,6.0
2009,66168,BTE,BATE Borisov,BATE Borisov,Belarus,Bielorrusia,,,,,,6.0
2009,59856,BSL,Basel,Basel,Switzerland,Suiza,,,,,,6.0
2009,54186,AAL,AaB,AaB,Denmark,Dinamarca,,,,,,6.0
2009,52897,ANO,Anorthosis,Anorthosis,Cyprus,Chipre,,,,,,6.0
2009,52826,ZEN,Zenit,Zenit,Russia,Rusia,,,,,,6.0
2009,52817,FIO,Fiorentina,Fiorentina,Italy,Italia,,,,,,6.0
2009,52748,MAR,Marseille,Marseille,France,Francia,,,,,,6.0
2009,52723,DKY,Dynamo Kyiv,Dynamo Kyiv,Ukraine,Ucrania,,,,,,6.0
2009,52707,SHK,Shakhtar,Shakhtar,Ukraine,Ucrania,,,,,,6.0
2009,52692,FEN,Fenerbahçe,Fenerbahçe,Türkiye,Turquía,,,,,,6.0
2009,50127,BOR,Bordeaux,Bordeaux,France,Francia,,,,,,6.0
2009,50065,FCSB,FCSB,FCSB,Romania,Rumanía,,,,,,6.0
2009,50062,PSV,PSV,PSV,Netherlands,Holanda,,,,,,6.0
2009,50050,CEL,Celtic,Celtic,Scotland,Escocia,,,,,,6.0
2009,50040,BRM,Bremen,Bremen,Germany,Alemania,,,,,,6.0
2010,50138,INT,Inter,Inter,Italy,Italia,,,,,,13.0
2010,50037,BAY,Bayern München,Bayern München,Germany,Alemania,,,,,,13.0
2010,5312,LYO,Lyon,Lyon,France,Francia,,,,,,12.0
2010,50080,BAR,Barcelona,Barcelona,Spain,España,,,,,,12.0
2010,54266,CSM,CSKA Moskva,CSKA Moskva,Russia,Rusia,,,,,,10.0
2010,52682,MUN,Man Utd,Man Utd,England,Inglaterra,,,,,,10.0
2010,52280,ARS,Arsenal,Arsenal,England,Inglaterra,,,,,,10.0
2010,50127,BOR,Bordeaux,Bordeaux,France,Francia,,,,,,10.0
2010,52914,CHE,Chelsea,Chelsea,England,Inglaterra,,,,,,8.0
2010,52817,FIO,Fiorentina,Fiorentina,Italy,Italia,,,,,,8.0
2010,52714,SEV,Sevilla,Sevilla,Spain,España,,,,,,8.0
2010,50107,STU,Stuttgart,Stuttgart,Germany,Alemania,,,,,,8.0
2010,50064,POR,Porto,Porto,Portugal,Portugal,,,,,,8.0
2010,50058,MIL,Milan,Milan,Italy,Italia,,,,,,8.0
2010,50051,RMA,Real Madrid,Real Madrid,Spain,España,,,,,,8.0
2010,2610,OLY,Olympiacos,Olympiacos,Greece,Grecia,,,,,,8.0
2010,92507,URZ,Unirea Urziceni,Unirea Urziceni,Romania,Rumanía,,,,,,6.0
2010,82818,RUB,Rubin,Rubin,Russia,Rusia,,,,,,6.0
2010,7889,LIV,Liverpool,Liverpool,England,Inglaterra,,,,,,6.0
2010,64332,WOB,Wolfsburg,Wolfsburg,Germany,Alemania,,,,,,6.0
2010,59045,MHA,Maccabi Haifa,Maccabi Haifa,Israel,Israel,,,,,,6.0
2010,52958,DEB,Debrecen,Debrecen,Hungary,Hungría,,,,,,6.0
2010,52748,MAR,Marseille,Marseille,France,Francia,,,,,,6.0
2010,52723,DKY,Dynamo Kyiv,Dynamo Kyiv,Ukraine,Ucrania,,,,,,6.0
2010,52327,AZ,AZ Alkmaar,AZ Alkmaar,Netherlands,Holanda,,,,,,6.0
2010,52165,STD,Standard Liège,Standard Liège,Belgium,Bélgica,,,,,,6.0
2010,51150,ZUR,Zürich,Zürich,Switzerland,Suiza,,,,,,6.0
2010,50157,BES,Beşiktaş,Beşiktaş,Türkiye,Turquía,,,,,,6.0
2010,50139,JUV,Juventus,Juventus,Italy,Italia,,,,,,6.0
2010,50124,ATM,Atleti,Atleti,Spain,España,,,,,,6.0
2010,50121,RAN,Rangers,Rangers,Scotland,Escocia,,,,,,6.0
2010,50118,APO,APOEL,APOEL,Cyprus,Chipre,,,,,,6.0
2011,52682,MUN,Man Utd,Man Utd,England,Inglaterra,,,,,,13.0
2011,50080,BAR,Barcelona,Barcelona,Spain,España,,,,,,13.0
2011,57388,SCH,Schalke,Schalke,Germany,Alemania,,,,,,12.0
2011,50051,RMA,Real Madrid,Real Madrid,Spain,España,,,,,,12.0
2011,52914,CHE,Chelsea,Chelsea,England,Inglaterra,,,,,,10.0
2011,52707,SHK,Shakhtar,Shakhtar,Ukraine,Ucrania,,,,,,10.0
2011,50138,INT,Inter,Inter,Italy,Italia,,,,,,10.0
2011,1652,TOT,Tottenham,Tottenham,England,Inglaterra,,,,,,10.0
2011,5312,LYO,Lyon,Lyon,France,Francia,,,,,,8.0
2011,52748,MAR,Marseille,Marseille,France,Francia,,,,,,8.0
2011,52709,CPH,Copenhagen,Copenhagen,Denmark,Dinamarca,,,,,,8.0
2011,52280,ARS,Arsenal,Arsenal,England,Inglaterra,,,,,,8.0
2011,52268,VAL,Valencia,Valencia,Spain,España,,,,,,8.0
2011,50137,ROM,Roma,Roma,Italy,Italia,,,,,,8.0
2011,50058,MIL,Milan,Milan,Italy,Italia,,,,,,8.0
2011,50037,BAY,Bayern München,Bayern München,Germany,Alemania,,,,,,8.0
2011,88131,CLU,CFR Cluj,CFR Cluj,Romania,Rumanía,,,,,,6.0
2011,82818,RUB,Rubin,Rubin,Russia,Rusia,,,,,,6.0
2011,61601,ZIL,Žilina,Žilina,Slovakia,Eslovaquia,,,,,,6.0
2011,59869,HTA,H. Tel Aviv,H. Tel Aviv,Israel,Israel,,,,,,6.0
2011,59856,BSL,Basel,Basel,Switzerland,Suiza,,,,,,6.0
2011,52818,TWE,Twente,Twente,Netherlands,Holanda,,,,,,6.0
2011,52695,BUR,Bursaspor,Bursaspor,Türkiye,Turquía,,,,,,6.0
2011,52336,BRA,Braga,Braga,Portugal,Portugal,,,,,,6.0
2011,52269,AJA,Auxerre,Auxerre,France,Francia,,,,,,6.0
2011,50162,PRT,Partizan,Partizan,Serbia,Serbia,,,,,,6.0
2011,50147,BEN,Benfica,Benfica,Portugal,Portugal,,,,,,6.0
2011,50143,AJX,Ajax,Ajax,Netherlands,Holanda,,,,,,6.0
2011,50121,RAN,Rangers,Rangers,Scotland,Escocia,,,,,,6.0
2011,50084,PAN,Panathinaikos,Panathinaikos,Greece,Grecia,,,,,,6.0
2011,50068,SPM,Spartak Moskva,Spartak Moskva,Russia,Rusia,,,,,,6.0
2011,50040,BRM,Bremen,Bremen,Germany,Alemania,,,,,,6.0
2012,52914,CHE,Chelsea,Chelsea,England,Inglaterra,,,,,,13.0
2012,50037,BAY,Bayern München,Bayern München,Germany,Alemania,,,,,,13.0
2012,50080,BAR,Barcelona,Barcelona,Spain,España,,,,,,12.0
2012,50051,RMA,Real Madrid,Real Madrid,Spain,España,,,,,,12.0
2012,52748,MAR,Marseille,Marseille,France,Francia,,,,,,10.0
2012,50147,BEN,Benfica,Benfica,Portugal,Portugal,,,,,,10.0
2012,50118,APO,APOEL,APOEL,Cyprus,Chipre,,,,,,10.0
2012,50058,MIL,Milan,Milan,Italy,Italia,,,,,,10.0
2012,59856,BSL,Basel,Basel,Switzerland,Suiza,,,,,,8.0
2012,54266,CSM,CSKA Moskva,CSKA Moskva,Russia,Rusia,,,,,,8.0
2012,5312,LYO,Lyon,Lyon,France,Francia,,,,,,8.0
2012,52826,ZEN,Zenit,Zenit,Russia,Rusia,,,,,,8.0
2012,52280,ARS,Arsenal,Arsenal,England,Inglaterra,,,,,,8.0
2012,50138,INT,Inter,Inter,Italy,Italia,,,,,,8.0
2012,50136,NAP,Napoli,Napoli,Italy,Italia,,,,,,8.0
2012,50109,LEV,Leverkusen,Leverkusen,Germany,Alemania,,,,,,8.0
2012,75797,LIL,Lille,Lille,France,Francia,,,,,,6.0
2012,70691,VIL,Villarreal,Villarreal,Spain,España,,,,,,6.0
2012,66168,BTE,BATE Borisov,BATE Borisov,Belarus,Bielorrusia,,,,,,6.0
2012,64388,PLZ,Viktoria Plzeň,Viktoria Plzeň,Czechia,Chequia,,,,,,6.0
2012,61582,GEN,Genk,Genk,Belgium,Bélgica,,,,,,6.0
2012,52919,MCI,Man City,Man City,England,Inglaterra,,,,,,6.0
2012,52758,BVB,B. Dortmund,B. Dortmund,Germany,Alemania,,,,,,6.0
2012,52731,TRA,Trabzonspor,Trabzonspor,Türkiye,Turquía,,,,,,6.0
2012,52707,SHK,Shakhtar,Shakhtar,Ukraine,Ucrania,,,,,,6.0
2012,52682,MUN,Man Utd,Man Utd,England,Inglaterra,,,,,,6.0
2012,52268,VAL,Valencia,Valencia,Spain,España,,,,,,6.0
2012,50164,DIN,GNK Dinamo,GNK Dinamo,Croatia,Croacia,,,,,,6.0
2012,50151,OTE,Oţelul,Oţelul,Romania,Rumanía,,,,,,6.0
2012,50143,AJX,Ajax,Ajax,Netherlands,Holanda,,,,,,6.0
2012,50064,POR,Porto,Porto,Portugal,Portugal,,,,,,6.0
2012,2610,OLY,Olympiacos,Olympiacos,Greece,Grecia,,,,,,6.0
2013,50067,GAL,Galatasaray,Galatasaray,Türkiye,Turquía,,,32.0,27.0,222.0,10.0
2013,57388,SCH,Schalke,Schalke,Germany,Alemania,,,29.0,13.0,143.0,8.0
2013,52747,PSG,Paris,Paris,France,Francia,,,26.0,22.0,224.0,10.0
2013,50037,BAY,Bayern München,Bayern München,Germany,Alemania,,,25.0,16.0,165.0,13.0
2013,52758,BVB,B. Dortmund,B. Dortmund,Germany,Alemania,,,24.0,49.0,441.0,13.0
2013,50080,BAR,Barcelona,Barcelona,Spain,España,,,21.0,24.0,177.0,12.0
2013,74069,MAL,Málaga,Málaga,Spain,España,,,19.0,21.0,356.0,10.0
2013,50051,RMA,Real Madrid,Real Madrid,Spain,España,,,18.0,34.0,216.0,12.0
2013,50139,JUV,Juventus,Juventus,Italy,Italia,,,17.0,15.0,345.0,10.0
2013,52682,MUN,Man Utd,Man Utd,England,Inglaterra,,,13.0,9.0,275.0,8.0
2013,52336,BRA,Braga,Braga,Portugal,Portugal,,,13.0,8.0,166.0,6.0
2013,50058,MIL,Milan,Milan,Italy,Italia,,,10.0,9.0,189.0,8.0
2013,52826,ZEN,Zenit,Zenit,Russia,Rusia,,,10.0,7.0,170.0,6.0
2013,50128,MON,Montpellier,Montpellier,France,Francia,,,9.0,21.0,225.0,6.0
2013,52280,ARS,Arsenal,Arsenal,England,Inglaterra,,,9.0,12.0,243.0,8.0
2013,2610,OLY,Olympiacos,Olympiacos,Greece,Grecia,,,8.0,10.0,195.0,6.0
2013,50147,BEN,Benfica,Benfica,Portugal,Portugal,,,7.0,12.0,127.0,6.0
2013,52268,VAL,Valencia,Valencia,Spain,España,,,6.0,14.0,290.0,8.0
2013,50164,DIN,GNK Dinamo,GNK Dinamo,Croatia,Croacia,,,6.0,8.0,114.0,6.0
2013,52707,SHK,Shakhtar,Shakhtar,Ukraine,Ucrania,,,5.0,3.0,181.0,8.0
2013,50064,POR,Porto,Porto,Portugal,Portugal,,,4.0,19.0,188.0,8.0
2013,50050,CEL,Celtic,Celtic,Scotland,Escocia,,,4.0,13.0,255.0,8.0
2013,66168,BTE,BATE Borisov,BATE Borisov,Belarus,Bielorrusia,,,4.0,9.0,203.0,6.0
2013,88131,CLU,CFR Cluj,CFR Cluj,Romania,Rumanía,,,4.0,5.0,248.0,6.0
2013,52914,CHE,Chelsea,Chelsea,England,Inglaterra,,,4.0,3.0,112.0,6.0
2013,50068,SPM,Spartak Moskva,Spartak Moskva,Russia,Rusia,,,3.0,10.0,178.0,6.0
2013,52919,MCI,Man City,Man City,England,Inglaterra,,,3.0,7.0,130.0,6.0
2013,50074,AND,Anderlecht,Anderlecht,Belgium,Bélgica,,,3.0,5.0,165.0,6.0
2013,52723,DKY,Dynamo Kyiv,Dynamo Kyiv,Ukraine,Ucrania,,,3.0,5.0,145.0,6.0
2013,50143,AJX,Ajax,Ajax,Netherlands,Holanda,,,3.0,3.0,165.0,6.0
2013,79940,NRS,Nordsjælland,Nordsjælland,Denmark,Dinamarca,,,1.0,3.0,188.0,6.0
2013,75797,LIL,Lille,Lille,France,Francia,,,1.0,2.0,152.0,6.0
2014,50124,ATM,Atleti,Atleti,Spain,España,,,149.0,255.0,180.0,13.0
2014,2610,OLY,Olympiacos,Olympiacos,Greece,Grecia,,,145.0,159.0,162.0,8.0
2014,50064,POR,Porto,Porto,Portugal,Portugal,,,127.0,132.0,100.0,6.0
2014,52826,ZEN,Zenit,Zenit,Russia,Rusia,,,120.0,165.0,99.0,8.0
2014,52758,BVB,B. Dortmund,B. Dortmund,Germany,Alemania,,,114.0,205.0,72.0,10.0
2014,50051,RMA,Real Madrid,Real Madrid,Spain,España,,,114.0,198.0,151.0,13.0
2014,52747,PSG,Paris,Paris,France,Francia,,,111.0,177.0,107.0,10.0
2014,50058,MIL,Milan,Milan,Italy,Italia,,,110.0,128.0,93.0,8.0
2014,50109,LEV,Leverkusen,Leverkusen,Germany,Alemania,,,105.0,157.0,94.0,8.0
2014,50110,AUS,Austria Wien,Austria Wien,Austria,Austria,,,105.0,149.0,102.0,6.0
2014,50067,GAL,Galatasaray,Galatasaray,Türkiye,Turquía,,,102.0,198.0,62.0,8.0
2014,52280,ARS,Arsenal,Arsenal,England,Inglaterra,,,102.0,151.0,88.0,8.0
2014,50147,BEN,Benfica,Benfica,Portugal,Portugal,,,100.0,133.0,77.0,6.0
2014,57388,SCH,Schalke,Schalke,Germany,Alemania,,,98.0,173.0,74.0,8.0
2014,52748,MAR,Marseille,Marseille,France,Francia,,,96.0,124.0,56.0,6.0
2014,50074,AND,Anderlecht,Anderlecht,Belgium,Bélgica,,,95.0,151.0,57.0,6.0
2014,50136,NAP,Napoli,Napoli,Italy,Italia,,,93.0,91.0,56.0,6.0
2014,52919,MCI,Man City,Man City,England,Inglaterra,,,90.0,157.0,66.0,8.0
2014,50037,BAY,Bayern München,Bayern München,Germany,Alemania,,,90.0,120.0,45.0,12.0
2014,50050,CEL,Celtic,Celtic,Scotland,Escocia,,,89.0,115.0,91.0,6.0
2014,50143,AJX,Ajax,Ajax,Netherlands,Holanda,,,88.0,122.0,65.0,6.0
2014,50080,BAR,Barcelona,Barcelona,Spain,España,,,87.0,126.0,69.0,10.0
2014,50139,JUV,Juventus,Juventus,Italy,Italia,,,85.0,105.0,30.0,6.0
2014,54266,CSM,CSKA Moskva,CSKA Moskva,Russia,Rusia,,,76.0,76.0,100.0,6.0
2014,64388,PLZ,Viktoria Plzeň,Viktoria Plzeň,Czechia,Chequia,,,74.0,120.0,64.0,6.0
2014,50123,RSO,Real Sociedad,Real Sociedad,Spain,España,,,72.0,72.0,34.0,6.0
2014,52914,CHE,Chelsea,Chelsea,England,Inglaterra,,,71.0,164.0,143.0,12.0
2014,52707,SHK,Shakhtar,Shakhtar,Ukraine,Ucrania,,,71.0,118.0,39.0,6.0
2014,52682,MUN,Man Utd,Man Utd,England,Inglaterra,,,65.0,116.0,104.0,10.0
2014,50065,FCSB,FCSB,FCSB,Romania,Rumanía,,,63.0,107.0,55.0,6.0
2014,52709,CPH,Copenhagen,Copenhagen,Denmark,Dinamarca,,,59.0,137.0,71.0,6.0
2014,59856,BSL,Basel,Basel,Switzerland,Suiza,,,56.0,132.0,39.0,6.0
2015,50080,BAR,Barcelona,Barcelona,Spain,España,620.0,19.0,32.0,73.0,164.0,13.0
2015,50023,MON,Monaco,Monaco,France,Francia,597.0,,49.0,64.0,239.0,10.0
2015,50051,RMA,Real Madrid,Real Madrid,Spain,España,564.0,15.0,39.0,33.0,196.0,12.0
2015,50037,BAY,Bayern München,Bayern München,Germany,Alemania,564.0,15.0,33.0,50.0,119.0,12.0
2015,50139,JUV,Juventus,Juventus,Italy,Italia,563.0,30.0,50.0,60.0,223.0,13.0
2015,50064,POR,Porto,Porto,Portugal,Portugal,547.0,,32.0,72.0,165.0,10.0
2015,50109,LEV,Leverkusen,Leverkusen,Germany,Alemania,517.0,,49.0,70.0,178.0,8.0
2015,52747,PSG,Paris,Paris,France,Francia,503.0,,42.0,47.0,168.0,10.0
2015,50124,ATM,Atleti,Atleti,Spain,España,483.0,,46.0,78.0,199.0,10.0
2015,52758,BVB,B. Dortmund,B. Dortmund,Germany,Alemania,426.0,,45.0,51.0,145.0,8.0
2015,52914,CHE,Chelsea,Chelsea,England,Inglaterra,400.0,,24.0,33.0,139.0,8.0
2015,52280,ARS,Arsenal,Arsenal,England,Inglaterra,395.0,,31.0,42.0,132.0,8.0
2015,57388,SCH,Schalke,Schalke,Germany,Alemania,392.0,,32.0,36.0,125.0,8.0
2015,59856,BSL,Basel,Basel,Switzerland,Suiza,388.0,,21.0,49.0,146.0,8.0
2015,52707,SHK,Shakhtar,Shakhtar,Ukraine,Ucrania,386.0,,26.0,48.0,168.0,8.0
2015,52919,MCI,Man City,Man City,England,Inglaterra,379.0,,32.0,32.0,95.0,8.0
2015,50125,ATH,Athletic Club,Athletic Club,Spain,España,374.0,,17.0,22.0,87.0,6.0
2015,54266,CSM,CSKA Moskva,CSKA Moskva,Russia,Rusia,335.0,,36.0,41.0,139.0,6.0
2015,66168,BTE,BATE Borisov,BATE Borisov,Belarus,Bielorrusia,319.0,,34.0,64.0,129.0,6.0
2015,50147,BEN,Benfica,Benfica,Portugal,Portugal,314.0,,15.0,30.0,97.0,6.0
2015,50074,AND,Anderlecht,Anderlecht,Belgium,Bélgica,313.0,,29.0,35.0,148.0,6.0
2015,52826,ZEN,Zenit,Zenit,Russia,Rusia,304.0,,33.0,25.0,105.0,6.0
2015,7889,LIV,Liverpool,Liverpool,England,Inglaterra,296.0,,25.0,32.0,119.0,6.0
2015,57490,MRB,Maribor,Maribor,Slovenia,Eslovenia,292.0,,42.0,51.0,163.0,6.0
2015,50118,APO,APOEL,APOEL,Cyprus,Chipre,287.0,,20.0,43.0,122.0,6.0
2015,50149,SPO,Sporting CP,Sporting CP,Portugal,Portugal,278.0,,25.0,35.0,132.0,6.0
2015,50067,GAL,Galatasaray,Galatasaray,Türkiye,Turquía,270.0,,19.0,45.0,104.0,6.0
2015,50137,ROM,Roma,Roma,Italy,Italia,262.0,,31.0,49.0,125.0,6.0
2015,2610,OLY,Olympiacos,Olympiacos,Greece,Grecia,256.0,,13.0,39.0,111.0,6.0
2015,50143,AJX,Ajax,Ajax,Netherlands,Holanda,254.0,,28.0,43.0,99.0,6.0
2015,50152,MAL,Malmö,Malmö,Sweden,Suecia,247.0,,18.0,35.0,132.0,6.0
2015,2603104,LUD,Ludogorets,Ludogorets,Bulgaria,Bulgaria,246.0,,30.0,40.0,110.0,6.0
2016,50124,ATM,Atleti,Atleti,Spain,España,716.0,74.0,37.0,48.0,302.0,13.0
2016,50051,RMA,Real Madrid,Real Madrid,Spain,España,669.0,55.0,22.0,44.0,194.0,13.0
2016,52919,MCI,Man City,Man City,England,Inglaterra,616.0,80.0,45.0,47.0,236.0,12.0
2016,50037,BAY,Bayern München,Bayern München,Germany,Alemania,551.0,62.0,31.0,49.0,122.0,12.0
2016,64332,WOB,Wolfsburg,Wolfsburg,Germany,Alemania,522.0,44.0,27.0,28.0,180.0,10.0
2016,50080,BAR,Barcelona,Barcelona,Spain,España,485.0,67.0,34.0,49.0,114.0,10.0
2016,50147,BEN,Benfica,Benfica,Portugal,Portugal,479.0,41.0,21.0,28.0,178.0,10.0
2016,52747,PSG,Paris,Paris,France,Francia,472.0,43.0,27.0,39.0,164.0,10.0
2016,52826,ZEN,Zenit,Zenit,Russia,Rusia,426.0,49.0,33.0,34.0,219.0,8.0
2016,50062,PSV,PSV,PSV,Netherlands,Holanda,414.0,60.0,39.0,31.0,214.0,8.0
2016,52914,CHE,Chelsea,Chelsea,England,Inglaterra,404.0,37.0,29.0,28.0,132.0,8.0
2016,50137,ROM,Roma,Roma,Italy,Italia,389.0,45.0,32.0,38.0,154.0,8.0
2016,50109,LEV,Leverkusen,Leverkusen,Germany,Alemania,387.0,38.0,25.0,46.0,99.0,6.0
2016,4608,GNT,Gent,Gent,Belgium,Bélgica,387.0,30.0,19.0,23.0,119.0,8.0
2016,52723,DKY,Dynamo Kyiv,Dynamo Kyiv,Ukraine,Ucrania,373.0,59.0,30.0,54.0,142.0,8.0
2016,52280,ARS,Arsenal,Arsenal,England,Inglaterra,345.0,54.0,36.0,31.0,148.0,8.0
2016,50139,JUV,Juventus,Juventus,Italy,Italia,342.0,52.0,23.0,36.0,171.0,8.0
2016,66168,BTE,BATE Borisov,BATE Borisov,Belarus,Bielorrusia,334.0,47.0,25.0,38.0,134.0,6.0
2016,52682,MUN,Man Utd,Man Utd,England,Inglaterra,322.0,21.0,17.0,21.0,73.0,6.0
2016,5312,LYO,Lyon,Lyon,France,Francia,315.0,33.0,25.0,16.0,102.0,6.0
2016,54266,CSM,CSKA Moskva,CSKA Moskva,Russia,Rusia,311.0,67.0,48.0,36.0,140.0,6.0
2016,2600605,AST,Astana,Astana,Kazakhstan,Kazajstán,310.0,27.0,14.0,25.0,121.0,6.0
2016,52268,VAL,Valencia,Valencia,Spain,España,296.0,52.0,48.0,41.0,103.0,6.0
2016,50164,DIN,GNK Dinamo,GNK Dinamo,Croatia,Croacia,280.0,31.0,22.0,21.0,166.0,6.0
2016,50064,POR,Porto,Porto,Portugal,Portugal,274.0,18.0,12.0,23.0,107.0,6.0
2016,50067,GAL,Galatasaray,Galatasaray,Türkiye,Turquía,261.0,23.0,12.0,27.0,144.0,6.0
2016,50152,MAL,Malmö,Malmö,Sweden,Suecia,259.0,25.0,17.0,26.0,171.0,6.0
2016,52757,MON,Mönchengladbach,Mönchengladbach,Germany,Alemania,255.0,35.0,18.0,22.0,149.0,6.0
2016,52707,SHK,Shakhtar,Shakhtar,Ukraine,Ucrania,253.0,39.0,27.0,27.0,83.0,6.0
2016,2610,OLY,Olympiacos,Olympiacos,Greece,Grecia,252.0,12.0,13.0,19.0,137.0,6.0
2016,57477,MTA,M. Tel-Aviv,M. Tel-Aviv,Israel,Israel,250.0,52.0,30.0,55.0,147.0,6.0
2016,52714,SEV,Sevilla,Sevilla,Spain,España,224.0,36.0,21.0,20.0,64.0,6.0
2017,50124,ATM,Atleti,Atleti,Spain,España,677.0,109.0,40.0,69.0,310.0,12.0
2017,50051,RMA,Real Madrid,Real Madrid,Spain,España,666.0,83.0,50.0,67.0,196.0,13.0
2017,50023,MON,Monaco,Monaco,France,Francia,605.0,78.0,58.0,53.0,316.0,12.0
2017,50139,JUV,Juventus,Juventus,Italy,Italia,564.0,111.0,48.0,81.0,219.0,13.0
2017,53577,LEI,Leicester,Leicester,England,Inglaterra,541.0,72.0,23.0,49.0,321.0,10.0
2017,50037,BAY,Bayern München,Bayern München,Germany,Alemania,522.0,85.0,39.0,56.0,151.0,10.0
2017,50109,LEV,Leverkusen,Leverkusen,Germany,Alemania,503.0,65.0,48.0,46.0,199.0,8.0
2017,50080,BAR,Barcelona,Barcelona,Spain,España,473.0,76.0,39.0,68.0,117.0,10.0
2017,52758,BVB,B. Dortmund,B. Dortmund,Germany,Alemania,465.0,77.0,43.0,50.0,161.0,10.0
2017,50136,NAP,Napoli,Napoli,Italy,Italia,421.0,21.0,17.0,27.0,110.0,8.0
2017,50064,POR,Porto,Porto,Portugal,Portugal,405.0,34.0,13.0,28.0,181.0,8.0
2017,52747,PSG,Paris,Paris,France,Francia,395.0,79.0,37.0,54.0,136.0,8.0
2017,50147,BEN,Benfica,Benfica,Portugal,Portugal,388.0,27.0,18.0,21.0,180.0,8.0
2017,52280,ARS,Arsenal,Arsenal,England,Inglaterra,381.0,57.0,40.0,41.0,130.0,8.0
2017,52714,SEV,Sevilla,Sevilla,Spain,España,358.0,85.0,35.0,50.0,134.0,8.0
2017,64500,ROS,Rostov,Rostov,Russia,Rusia,349.0,39.0,14.0,28.0,230.0,6.0
2017,52919,MCI,Man City,Man City,England,Inglaterra,342.0,43.0,31.0,30.0,108.0,8.0
2017,1652,TOT,Tottenham,Tottenham,England,Inglaterra,334.0,34.0,18.0,26.0,117.0,6.0
2017,52709,CPH,Copenhagen,Copenhagen,Denmark,Dinamarca,334.0,32.0,14.0,24.0,163.0,6.0
2017,54266,CSM,CSKA Moskva,CSKA Moskva,Russia,Rusia,328.0,64.0,42.0,56.0,171.0,6.0
2017,50149,SPO,Sporting CP,Sporting CP,Portugal,Portugal,308.0,34.0,18.0,38.0,95.0,6.0
2017,5312,LYO,Lyon,Lyon,France,Francia,301.0,49.0,19.0,35.0,102.0,6.0
2017,52757,MON,Mönchengladbach,Mönchengladbach,Germany,Alemania,298.0,39.0,34.0,23.0,158.0,6.0
2017,50062,PSV,PSV,PSV,Netherlands,Holanda,297.0,20.0,9.0,30.0,139.0,6.0
2017,2603104,LUD,Ludogorets,Ludogorets,Bulgaria,Bulgaria,290.0,51.0,20.0,42.0,152.0,6.0
2017,50157,BES,Beşiktaş,Beşiktaş,Türkiye,Turquía,288.0,14.0,23.0,28.0,125.0,6.0
2017,50050,CEL,Celtic,Celtic,Scotland,Escocia,282.0,36.0,18.0,33.0,135.0,6.0
2017,50043,BRU,Club Brugge,Club Brugge,Belgium,Bélgica,277.0,36.0,20.0,26.0,164.0,6.0
2017,50146,LEG,Legia Warszawa,Legia Warszawa,Poland,Polonia,277.0,32.0,21.0,27.0,154.0,6.0
2017,59856,BSL,Basel,Basel,Switzerland,Suiza,275.0,38.0,29.0,30.0,94.0,6.0
2017,52723,DKY,Dynamo Kyiv,Dynamo Kyiv,Ukraine,Ucrania,274.0,34.0,26.0,23.0,116.0,6.0
2017,50164,DIN,GNK Dinamo,GNK Dinamo,Croatia,Croacia,258.0,81.0,31.0,50.0,189.0,6.0
2018,7889,LIV,Liverpool,Liverpool,England,Inglaterra,686.0,126.0,55.0,71.0,302.0,13.0
2018,50051,RMA,Real Madrid,Real Madrid,Spain,España,597.0,121.0,54.0,67.0,229.0,13.0
2018,50037,BAY,Bayern München,Bayern München,Germany,Alemania,569.0,116.0,49.0,67.0,146.0,12.0
2018,50137,ROM,Roma,Roma,Italy,Italia,544.0,112.0,50.0,62.0,219.0,12.0
2018,52714,SEV,Sevilla,Sevilla,Spain,España,501.0,104.0,34.0,70.0,179.0,10.0
2018,52919,MCI,Man City,Man City,England,Inglaterra,479.0,90.0,33.0,57.0,128.0,10.0
2018,50080,BAR,Barcelona,Barcelona,Spain,España,477.0,78.0,39.0,39.0,144.0,10.0
2018,50139,JUV,Juventus,Juventus,Italy,Italia,447.0,143.0,44.0,99.0,199.0,10.0
2018,59856,BSL,Basel,Basel,Switzerland,Suiza,422.0,56.0,22.0,34.0,163.0,8.0
2018,50157,BES,Beşiktaş,Beşiktaş,Türkiye,Turquía,412.0,101.0,36.0,65.0,214.0,8.0
2018,52682,MUN,Man Utd,Man Utd,England,Inglaterra,409.0,61.0,21.0,40.0,124.0,8.0
2018,50064,POR,Porto,Porto,Portugal,Portugal,393.0,68.0,29.0,39.0,193.0,8.0
2018,52914,CHE,Chelsea,Chelsea,England,Inglaterra,374.0,64.0,23.0,41.0,129.0,8.0
2018,52747,PSG,Paris,Paris,France,Francia,368.0,107.0,42.0,65.0,123.0,8.0
2018,2603790,RBL,Leipzig,Leipzig,Germany,Alemania,361.0,80.0,32.0,48.0,116.0,6.0
2018,1652,TOT,Tottenham,Tottenham,England,Inglaterra,360.0,79.0,44.0,35.0,168.0,8.0
2018,54266,CSM,CSKA Moskva,CSKA Moskva,Russia,Rusia,336.0,90.0,38.0,52.0,176.0,6.0
2018,52707,SHK,Shakhtar,Shakhtar,Ukraine,Ucrania,335.0,70.0,21.0,49.0,168.0,8.0
2018,50023,MON,Monaco,Monaco,France,Francia,326.0,80.0,30.0,50.0,115.0,6.0
2018,50124,ATM,Atleti,Atleti,Spain,España,306.0,85.0,32.0,53.0,117.0,6.0
2018,52749,FEY,Feyenoord,Feyenoord,Netherlands,Holanda,302.0,90.0,36.0,54.0,106.0,6.0
2018,50074,AND,Anderlecht,Anderlecht,Belgium,Bélgica,300.0,71.0,28.0,43.0,84.0,6.0
2018,50068,SPM,Spartak Moskva,Spartak Moskva,Russia,Rusia,298.0,97.0,39.0,58.0,168.0,6.0
2018,50136,NAP,Napoli,Napoli,Italy,Italia,292.0,71.0,23.0,48.0,76.0,6.0
2018,50050,CEL,Celtic,Celtic,Scotland,Escocia,286.0,82.0,37.0,45.0,174.0,6.0
2018,50149,SPO,Sporting CP,Sporting CP,Portugal,Portugal,278.0,68.0,27.0,41.0,120.0,6.0
2018,60609,QAR,Qarabağ,Qarabağ,Azerbaijan,Azerbaiyán,277.0,68.0,31.0,37.0,179.0,6.0
2018,50147,BEN,Benfica,Benfica,Portugal,Portugal,271.0,58.0,21.0,37.0,74.0,6.0
2018,57490,MRB,Maribor,Maribor,Slovenia,Eslovenia,269.0,92.0,33.0,59.0,221.0,6.0
2018,50118,APO,APOEL,APOEL,Cyprus,Chipre,269.0,84.0,32.0,52.0,162.0,6.0
2018,52758,BVB,B. Dortmund,B. Dortmund,Germany,Alemania,258.0,71.0,33.0,38.0,97.0,6.0
2018,2610,OLY,Olympiacos,Olympiacos,Greece,Grecia,255.0,95.0,32.0,63.0,142.0,6.0
2019,7889,LIV,Liverpool,Liverpool,England,Inglaterra,638.0,95.0,39.0,56.0,227.0,13.0
2019,50143,AJX,Ajax,Ajax,Netherlands,Holanda,626.0,125.0,47.0,78.0,262.0,12.0
2019,1652,TOT,Tottenham,Tottenham,England,Inglaterra,578.0,109.0,46.0,63.0,270.0,13.0
2019,50064,POR,Porto,Porto,Portugal,Portugal,514.0,52.0,17.0,40.0,247.0,10.0
2019,50080,BAR,Barcelona,Barcelona,Spain,España,511.0,100.0,44.0,56.0,221.0,12.0
2019,50139,JUV,Juventus,Juventus,Italy,Italia,437.0,68.0,35.0,33.0,184.0,10.0
2019,50037,BAY,Bayern München,Bayern München,Germany,Alemania,428.0,71.0,31.0,40.0,169.0,8.0
2019,52682,MUN,Man Utd,Man Utd,England,Inglaterra,418.0,80.0,23.0,57.0,217.0,10.0
2019,52919,MCI,Man City,Man City,England,Inglaterra,415.0,52.0,22.0,30.0,155.0,10.0
2019,52758,BVB,B. Dortmund,B. Dortmund,Germany,Alemania,396.0,36.0,16.0,20.0,142.0,8.0
2019,50124,ATM,Atleti,Atleti,Spain,España,395.0,72.0,34.0,38.0,165.0,8.0
2019,57388,SCH,Schalke,Schalke,Germany,Alemania,379.0,78.0,36.0,42.0,168.0,8.0
2019,50051,RMA,Real Madrid,Real Madrid,Spain,España,376.0,56.0,26.0,30.0,126.0,8.0
2019,5312,LYO,Lyon,Lyon,France,Francia,357.0,53.0,28.0,25.0,199.0,8.0
2019,52747,PSG,Paris,Paris,France,Francia,354.0,81.0,44.0,50.0,157.0,8.0
2019,50137,ROM,Roma,Roma,Italy,Italia,353.0,50.0,14.0,36.0,172.0,8.0
2019,50136,NAP,Napoli,Napoli,Italy,Italia,328.0,63.0,29.0,49.0,141.0,6.0
2019,50147,BEN,Benfica,Benfica,Portugal,Portugal,299.0,33.0,15.0,18.0,120.0,6.0
2019,53065,LMO,Lokomotiv Moskva,Lokomotiv Moskva,Russia,Rusia,296.0,69.0,32.0,48.0,146.0,6.0
2019,50043,BRU,Club Brugge,Club Brugge,Belgium,Bélgica,288.0,52.0,29.0,23.0,187.0,6.0
2019,50031,YB,Young Boys,Young Boys,Switzerland,Suiza,286.0,49.0,19.0,30.0,145.0,6.0
2019,2600431,HOF,Hoffenheim,Hoffenheim,Germany,Alemania,281.0,50.0,21.0,29.0,93.0,6.0
2019,50023,MON,Monaco,Monaco,France,Francia,276.0,45.0,20.0,25.0,121.0,6.0
2019,50138,INT,Inter,Inter,Italy,Italia,270.0,51.0,23.0,28.0,122.0,6.0
2019,50069,ZVE,Crvena Zvezda,Crvena Zvezda,Serbia,Serbia,269.0,90.0,34.0,56.0,225.0,6.0
2019,50129,AEK,AEK Athens,AEK Athens,Greece,Grecia,261.0,45.0,21.0,24.0,153.0,6.0
2019,54266,CSM,CSKA Moskva,CSKA Moskva,Russia,Rusia,260.0,64.0,27.0,37.0,172.0,6.0
2019,52268,VAL,Valencia,Valencia,Spain,España,258.0,65.0,28.0,37.0,127.0,6.0
2019,50062,PSV,PSV,PSV,Netherlands,Holanda,250.0,48.0,21.0,27.0,208.0,6.0
2019,64388,PLZ,Viktoria Plzeň,Viktoria Plzeň,Czechia,Chequia,247.0,42.0,20.0,22.0,171.0,6.0
2019,50067,GAL,Galatasaray,Galatasaray,Türkiye,Turquía,235.0,46.0,23.0,23.0,108.0,6.0
2019,52707,SHK,Shakhtar,Shakhtar,Ukraine,Ucrania,228.0,58.0,24.0,34.0,153.0,6.0
2020,2603790,RBL,Leipzig,Leipzig,Germany,Alemania,525.0,62.0,24.0,38.0,205.0,10.0
2020,5312,LYO,Lyon,Lyon,France,Francia,487.0,59.0,20.0,39.0,247.0,10.0
2020,50037,BAY,Bayern München,Bayern München,Germany,Alemania,472.0,85.0,43.0,42.0,112.0,11.0
2020,52747,PSG,Paris,Paris,France,Francia,470.0,118.0,56.0,62.0,200.0,11.0
2020,50124,ATM,Atleti,Atleti,Spain,España,447.0,47.0,18.0,29.0,223.0,9.0
2020,52919,MCI,Man City,Man City,England,Inglaterra,400.0,42.0,13.0,29.0,95.0,9.0
2020,52758,BVB,B. Dortmund,B. Dortmund,Germany,Alemania,399.0,39.0,20.0,19.0,141.0,8.0
2020,7889,LIV,Liverpool,Liverpool,England,Inglaterra,398.0,34.0,13.0,21.0,85.0,8.0
2020,52816,ATA,Atalanta,Atalanta,Italy,Italia,394.0,78.0,31.0,47.0,169.0,9.0
2020,50080,BAR,Barcelona,Barcelona,Spain,España,368.0,75.0,35.0,40.0,153.0,9.0
2020,50136,NAP,Napoli,Napoli,Italy,Italia,361.0,64.0,32.0,32.0,181.0,8.0
2020,50051,RMA,Real Madrid,Real Madrid,Spain,España,346.0,52.0,26.0,26.0,111.0,8.0
2020,52914,CHE,Chelsea,Chelsea,England,Inglaterra,343.0,41.0,18.0,23.0,140.0,8.0
2020,1652,TOT,Tottenham,Tottenham,England,Inglaterra,339.0,36.0,21.0,15.0,136.0,8.0
2020,50030,SAL,Salzburg,Salzburg,Austria,Austria,334.0,35.0,13.0,22.0,137.0,6.0
2020,52268,VAL,Valencia,Valencia,Spain,España,322.0,48.0,18.0,30.0,209.0,8.0
2020,52826,ZEN,Zenit,Zenit,Russia,Rusia,319.0,38.0,18.0,20.0,184.0,6.0
2020,50139,JUV,Juventus,Juventus,Italy,Italia,317.0,68.0,27.0,41.0,150.0,8.0
2020,50143,AJX,Ajax,Ajax,Netherlands,Holanda,298.0,55.0,25.0,30.0,98.0,6.0
2020,50109,LEV,Leverkusen,Leverkusen,Germany,Alemania,298.0,41.0,17.0,24.0,98.0,6.0
2020,75797,LIL,Lille,Lille,France,Francia,297.0,43.0,21.0,22.0,141.0,6.0
2020,50147,BEN,Benfica,Benfica,Portugal,Portugal,293.0,48.0,21.0,27.0,149.0,6.0
2020,52498,SLA,Slavia Praha,Slavia Praha,Czechia,Chequia,278.0,43.0,24.0,19.0,63.0,6.0
2020,50164,DIN,GNK Dinamo,GNK Dinamo,Croatia,Croacia,277.0,35.0,14.0,21.0,135.0,6.0
2020,61582,GEN,Genk,Genk,Belgium,Bélgica,277.0,26.0,16.0,10.0,168.0,6.0
2020,50138,INT,Inter,Inter,Italy,Italia,275.0,54.0,21.0,33.0,105.0,6.0
2020,50043,BRU,Club Brugge,Club Brugge,Belgium,Bélgica,275.0,37.0,19.0,18.0,109.0,6.0
2020,50067,GAL,Galatasaray,Galatasaray,Türkiye,Turquía,264.0,36.0,22.0,14.0,119.0,6.0
2020,53065,LMO,Lokomotiv Moskva,Lokomotiv Moskva,Russia,Rusia,257.0,39.0,16.0,23.0,162.0,6.0
2020,2610,OLY,Olympiacos,Olympiacos,Greece,Grecia,239.0,30.0,15.0,15.0,134.0,6.0
2020,50069,ZVE,Crvena Zvezda,Crvena Zvezda,Serbia,Serbia,231.0,33.0,17.0,16.0,160.0,6.0
2020,52707,SHK,Shakhtar,Shakhtar,Ukraine,Ucrania,222.0,27.0,7.0,20.0,125.0,6.0
2021,52914,CHE,Chelsea,Chelsea,England,Inglaterra,571.0,99.0,45.0,54.0,263.0,13.0
2021,52747,PSG,Paris,Paris,France,Francia,548.0,146.0,62.0,84.0,261.0,12.0
2021,52919,MCI,Man City,Man City,England,Inglaterra,532.0,96.0,45.0,51.0,148.0,13.0
2021,50051,RMA,Real Madrid,Real Madrid,Spain,España,530.0,127.0,46.0,81.0,176.0,12.0
2021,7889,LIV,Liverpool,Liverpool,England,Inglaterra,499.0,72.0,25.0,47.0,197.0,10.0
2021,52758,BVB,B. Dortmund,B. Dortmund,Germany,Alemania,469.0,84.0,42.0,42.0,200.0,10.0
2021,50037,BAY,Bayern München,Bayern München,Germany,Alemania,444.0,97.0,32.0,65.0,143.0,10.0
2021,52816,ATA,Atalanta,Atalanta,Italy,Italia,440.0,73.0,28.0,45.0,169.0,8.0
2021,2603790,RBL,Leipzig,Leipzig,Germany,Alemania,436.0,62.0,27.0,35.0,140.0,8.0
2021,50064,POR,Porto,Porto,Portugal,Portugal,410.0,99.0,34.0,65.0,265.0,10.0
2021,50124,ATM,Atleti,Atleti,Spain,España,406.0,57.0,24.0,33.0,182.0,8.0
2021,52973,LAZ,Lazio,Lazio,Italy,Italia,365.0,67.0,34.0,33.0,142.0,8.0
2021,52714,SEV,Sevilla,Sevilla,Spain,España,358.0,68.0,28.0,40.0,108.0,8.0
2021,50139,JUV,Juventus,Juventus,Italy,Italia,348.0,89.0,37.0,52.0,112.0,8.0
2021,50030,SAL,Salzburg,Salzburg,Austria,Austria,342.0,63.0,21.0,42.0,130.0,6.0
2021,50080,BAR,Barcelona,Barcelona,Spain,España,337.0,46.0,24.0,22.0,66.0,8.0
2021,52757,MON,Mönchengladbach,Mönchengladbach,Germany,Alemania,335.0,83.0,38.0,45.0,146.0,8.0
2021,50143,AJX,Ajax,Ajax,Netherlands,Holanda,327.0,56.0,32.0,24.0,139.0,6.0
2021,75795,MID,Midtjylland,Midtjylland,Denmark,Dinamarca,321.0,52.0,23.0,29.0,123.0,6.0
2021,52682,MUN,Man Utd,Man Utd,England,Inglaterra,308.0,61.0,40.0,21.0,100.0,6.0
2021,50043,BRU,Club Brugge,Club Brugge,Belgium,Bélgica,304.0,43.0,25.0,18.0,84.0,6.0
2021,2600288,IST,Başakşehir,Başakşehir,Türkiye,Turquía,289.0,50.0,18.0,32.0,135.0,6.0
2021,52826,ZEN,Zenit,Zenit,Russia,Rusia,286.0,49.0,21.0,28.0,123.0,6.0
2021,52298,FER,Ferencváros,Ferencváros,Hungary,Hungría,277.0,62.0,27.0,35.0,87.0,6.0
2021,52723,DKY,Dynamo Kyiv,Dynamo Kyiv,Ukraine,Ucrania,262.0,55.0,21.0,34.0,153.0,6.0
2021,53065,LMO,Lokomotiv Moskva,Lokomotiv Moskva,Russia,Rusia,260.0,50.0,21.0,29.0,203.0,6.0
2021,55031,REN,Rennes,Rennes,France,Francia,255.0,38.0,12.0,26.0,106.0,6.0
2021,2601038,KRA,Krasnodar,Krasnodar,Russia,Rusia,250.0,39.0,16.0,23.0,143.0,6.0
2021,50138,INT,Inter,Inter,Italy,Italia,240.0,45.0,26.0,19.0,60.0,6.0
2021,52707,SHK,Shakhtar,Shakhtar,Ukraine,Ucrania,237.0,36.0,18.0,18.0,150.0,6.0
2021,2610,OLY,Olympiacos,Olympiacos,Greece,Grecia,236.0,62.0,16.0,46.0,124.0,6.0
2021,52748,MAR,Marseille,Marseille,France,Francia,234.0,42.0,18.0,24.0,95.0,6.0
2022,7889,LIV,Liverpool,Liverpool,England,Inglaterra,568.0,128.0,59.0,69.0,155.0,13.0
2022,50051,RMA,Real Madrid,Real Madrid,Spain,España,514.0,166.0,76.0,90.0,194.0,13.0
2022,70691,VIL,Villarreal,Villarreal,Spain,España,462.0,131.0,54.0,77.0,290.0,12.0
2022,52919,MCI,Man City,Man City,England,Inglaterra,448.0,103.0,38.0,65.0,119.0,12.0
2022,50037,BAY,Bayern München,Bayern München,Germany,Alemania,439.0,94.0,42.0,52.0,92.0,10.0
2022,50124,ATM,Atleti,Atleti,Spain,España,425.0,126.0,54.0,72.0,185.0,10.0
2022,52914,CHE,Chelsea,Chelsea,England,Inglaterra,403.0,96.0,45.0,51.0,103.0,10.0
2022,50147,BEN,Benfica,Benfica,Portugal,Portugal,390.0,146.0,74.0,72.0,214.0,10.0
2022,50030,SAL,Salzburg,Salzburg,Austria,Austria,369.0,116.0,44.0,72.0,158.0,8.0
2022,75797,LIL,Lille,Lille,France,Francia,362.0,100.0,53.0,47.0,138.0,8.0
2022,50139,JUV,Juventus,Juventus,Italy,Italia,349.0,92.0,40.0,52.0,125.0,8.0
2022,50143,AJX,Ajax,Ajax,Netherlands,Holanda,327.0,107.0,46.0,61.0,83.0,8.0
2022,52682,MUN,Man Utd,Man Utd,England,Inglaterra,317.0,88.0,42.0,46.0,137.0,8.0
2022,50138,INT,Inter,Inter,Italy,Italia,306.0,109.0,47.0,62.0,115.0,8.0
2022,52758,BVB,B. Dortmund,B. Dortmund,Germany,Alemania,282.0,62.0,18.0,44.0,75.0,6.0
2022,50149,SPO,Sporting CP,Sporting CP,Portugal,Portugal,281.0,119.0,52.0,67.0,131.0,8.0
2022,52747,PSG,Paris,Paris,France,Francia,280.0,111.0,50.0,61.0,141.0,8.0
2022,52816,ATA,Atalanta,Atalanta,Italy,Italia,280.0,68.0,32.0,36.0,104.0,6.0
2022,50031,YB,Young Boys,Young Boys,Switzerland,Suiza,277.0,81.0,38.0,43.0,85.0,6.0
2022,50157,BES,Beşiktaş,Beşiktaş,Türkiye,Turquía,276.0,96.0,45.0,51.0,84.0,6.0
2022,50058,MIL,Milan,Milan,Italy,Italia,272.0,74.0,34.0,40.0,123.0,6.0
2022,52714,SEV,Sevilla,Sevilla,Spain,España,272.0,53.0,18.0,35.0,66.0,6.0
2022,50043,BRU,Club Brugge,Club Brugge,Belgium,Bélgica,262.0,70.0,29.0,41.0,120.0,6.0
2022,2603790,RBL,Leipzig,Leipzig,Germany,Alemania,261.0,89.0,41.0,48.0,96.0,6.0
2022,64332,WOB,Wolfsburg,Wolfsburg,Germany,Alemania,260.0,51.0,27.0,24.0,156.0,6.0
2022,50064,POR,Porto,Porto,Portugal,Portugal,249.0,88.0,29.0,59.0,120.0,6.0
2022,52826,ZEN,Zenit,Zenit,Russia,Rusia,242.0,67.0,32.0,35.0,135.0,6.0
2022,52723,DKY,Dynamo Kyiv,Dynamo Kyiv,Ukraine,Ucrania,237.0,70.0,27.0,43.0,109.0,6.0
2022,50080,BAR,Barcelona,Barcelona,Spain,España,235.0,90.0,38.0,52.0,48.0,6.0
2022,69606,SHE,Sheriff,Sheriff,Moldova,Moldavia,226.0,101.0,38.0,63.0,186.0,6.0
2022,50152,MAL,Malmö,Malmö,Sweden,Suecia,209.0,72.0,32.0,40.0,149.0,6.0
2022,52707,SHK,Shakhtar,Shakhtar,Ukraine,Ucrania,209.0,42.0,14.0,28.0,87.0,6.0
2023,50138,INT,Inter,Inter,Italy,Italia,494.0,196.0,88.0,108.0,290.0,13.0
2023,52919,MCI,Man City,Man City,England,Inglaterra,484.0,124.0,47.0,77.0,143.0,13.0
2023,50058,MIL,Milan,Milan,Italy,Italia,452.0,168.0,71.0,97.0,184.0,12.0
2023,52914,CHE,Chelsea,Chelsea,England,Inglaterra,442.0,111.0,38.0,73.0,162.0,10.0
2023,50051,RMA,Real Madrid,Real Madrid,Spain,España,431.0,141.0,61.0,80.0,165.0,12.0
2023,50037,BAY,Bayern München,Bayern München,Germany,Alemania,426.0,143.0,55.0,88.0,131.0,10.0
2023,50136,NAP,Napoli,Napoli,Italy,Italia,419.0,119.0,40.0,79.0,161.0,10.0
2023,50147,BEN,Benfica,Benfica,Portugal,Portugal,411.0,138.0,54.0,84.0,175.0,10.0
2023,50072,FRA,Frankfurt,Frankfurt,Germany,Alemania,376.0,103.0,37.0,66.0,128.0,8.0
2023,52747,PSG,Paris,Paris,France,Francia,333.0,112.0,40.0,72.0,109.0,8.0
2023,50064,POR,Porto,Porto,Portugal,Portugal,329.0,100.0,35.0,65.0,161.0,8.0
2023,1652,TOT,Tottenham,Tottenham,England,Inglaterra,326.0,111.0,26.0,85.0,125.0,8.0
2023,52758,BVB,B. Dortmund,B. Dortmund,Germany,Alemania,323.0,101.0,38.0,63.0,147.0,8.0
2023,7889,LIV,Liverpool,Liverpool,England,Inglaterra,322.0,112.0,47.0,65.0,86.0,8.0
2023,2603790,RBL,Leipzig,Leipzig,Germany,Alemania,317.0,71.0,31.0,40.0,103.0,8.0
2023,50043,BRU,Club Brugge,Club Brugge,Belgium,Bélgica,295.0,90.0,26.0,64.0,186.0,8.0
2023,50030,SAL,Salzburg,Salzburg,Austria,Austria,272.0,101.0,46.0,55.0,125.0,6.0
2023,50109,LEV,Leverkusen,Leverkusen,Germany,Alemania,266.0,78.0,27.0,51.0,127.0,6.0
2023,50143,AJX,Ajax,Ajax,Netherlands,Holanda,246.0,93.0,42.0,51.0,102.0,6.0
2023,59045,MHA,Maccabi Haifa,Maccabi Haifa,Israel,Israel,244.0,84.0,20.0,64.0,130.0,6.0
2023,52748,MAR,Marseille,Marseille,France,Francia,243.0,55.0,11.0,44.0,63.0,6.0
2023,50164,DIN,GNK Dinamo,GNK Dinamo,Croatia,Croacia,236.0,77.0,30.0,47.0,130.0,6.0
2023,50124,ATM,Atleti,Atleti,Spain,España,236.0,70.0,28.0,42.0,85.0,6.0
2023,52707,SHK,Shakhtar,Shakhtar,Ukraine,Ucrania,234.0,81.0,34.0,47.0,154.0,6.0
2023,50080,BAR,Barcelona,Barcelona,Spain,España,231.0,71.0,24.0,47.0,65.0,6.0
2023,50149,SPO,Sporting CP,Sporting CP,Portugal,Portugal,226.0,79.0,24.0,55.0,117.0,6.0
2023,64388,PLZ,Viktoria Plzeň,Viktoria Plzeň,Czechia,Chequia,223.0,60.0,20.0,40.0,116.0,6.0
2023,52709,CPH,Copenhagen,Copenhagen,Denmark,Dinamarca,221.0,77.0,16.0,61.0,133.0,6.0
2023,50139,JUV,Juventus,Juventus,Italy,Italia,220.0,87.0,35.0,52.0,83.0,6.0
2023,50121,RAN,Rangers,Rangers,Scotland,Escocia,219.0,75.0,36.0,39.0,116.0,6.0
2023,50050,CEL,Celtic,Celtic,Scotland,Escocia,218.0,75.0,29.0,46.0,94.0,6.0
2023,52714,SEV,Sevilla,Sevilla,Spain,España,207.0,102.0,35.0,67.0,95.0,6.0
2024,52758,BVB,B. Dortmund,B. Dortmund,Germany,Alemania,557.0,223.0,115.0,108.0,268.0,13.0
2024,52747,PSG,Paris,Paris,France,Francia,489.0,163.0,61.0,102.0,140.0,12.0
2024,50037,BAY,Bayern München,Bayern München,Germany,Alemania,467.0,158.0,74.0,84.0,185.0,12.0
2024,50051,RMA,Real Madrid,Real Madrid,Spain,España,463.0,195.0,102.0,93.0,200.0,13.0
2024,50124,ATM,Atleti,Atleti,Spain,España,432.0,157.0,74.0,83.0,216.0,10.0
2024,50080,BAR,Barcelona,Barcelona,Spain,España,378.0,142.0,79.0,63.0,152.0,10.0
2024,52919,MCI,Man City,Man City,England,Inglaterra,352.0,88.0,31.0,57.0,93.0,10.0
2024,50123,RSO,Real Sociedad,Real Sociedad,Spain,España,342.0,141.0,52.0,89.0,139.0,8.0
2024,52709,CPH,Copenhagen,Copenhagen,Denmark,Dinamarca,333.0,129.0,63.0,66.0,215.0,8.0
2024,50062,PSV,PSV,PSV,Netherlands,Holanda,329.0,97.0,27.0,70.0,108.0,8.0
2024,52280,ARS,Arsenal,Arsenal,England,Inglaterra,328.0,111.0,42.0,69.0,137.0,10.0
2024,50138,INT,Inter,Inter,Italy,Italia,327.0,103.0,47.0,56.0,165.0,8.0
2024,52973,LAZ,Lazio,Lazio,Italy,Italia,317.0,128.0,56.0,72.0,133.0,8.0
2024,2603790,RBL,Leipzig,Leipzig,Germany,Alemania,314.0,116.0,41.0,75.0,151.0,8.0
2024,50136,NAP,Napoli,Napoli,Italy,Italia,313.0,104.0,49.0,55.0,155.0,8.0
2024,50064,POR,Porto,Porto,Portugal,Portugal,298.0,107.0,41.0,66.0,150.0,8.0
2024,50030,SAL,Salzburg,Salzburg,Austria,Austria,276.0,76.0,32.0,44.0,139.0,6.0
2024,50067,GAL,Galatasaray,Galatasaray,Türkiye,Turquía,269.0,92.0,33.0,59.0,106.0,6.0
2024,77977,UBE,Union Berlin,Union Berlin,Germany,Alemania,264.0,87.0,39.0,48.0,173.0,6.0
2024,52749,FEY,Feyenoord,Feyenoord,Netherlands,Holanda,260.0,102.0,43.0,59.0,83.0,6.0
2024,52707,SHK,Shakhtar,Shakhtar,Ukraine,Ucrania,258.0,90.0,43.0,47.0,154.0,6.0
2024,50147,BEN,Benfica,Benfica,Portugal,Portugal,257.0,97.0,46.0,51.0,115.0,6.0
2024,50113,ANT,Antwerp,Antwerp,Belgium,Bélgica,245.0,99.0,44.0,55.0,124.0,6.0
2024,50031,YB,Young Boys,Young Boys,Switzerland,Suiza,234.0,104.0,45.0,59.0,105.0,6.0
2024,52682,MUN,Man Utd,Man Utd,England,Inglaterra,229.0,88.0,37.0,51.0,96.0,6.0
2024,52714,SEV,Sevilla,Sevilla,Spain,España,227.0,110.0,40.0,70.0,120.0,6.0
2024,59324,NEW,Newcastle,Newcastle,England,Inglaterra,226.0,73.0,37.0,36.0,130.0,6.0
2024,52277,LEN,Lens,Lens,France,Francia,225.0,93.0,41.0,52.0,122.0,6.0
2024,52336,BRA,Braga,Braga,Portugal,Portugal,216.0,103.0,49.0,54.0,112.0,6.0
2024,50058,MIL,Milan,Milan,Italy,Italia,214.0,81.0,37.0,44.0,116.0,6.0
2024,50050,CEL,Celtic,Celtic,Scotland,Escocia,209.0,92.0,40.0,52.0,138.0,6.0
2024,50069,ZVE,Crvena Zvezda,Crvena Zvezda,Serbia,Serbia,198.0,105.0,36.0,69.0,128.0,6.0
2025,52747,PSG,Paris,Paris,France,Francia,733.0,244.0,108.0,136.0,291.0,17.0
2025,52758,BVB,B. Dortmund,B. Dortmund,Germany,Alemania,588.0,210.0,67.0,143.0,230.0,14.0
2025,50037,BAY,Bayern München,Bayern München,Germany,Alemania,562.0,181.0,79.0,102.0,132.0,14.0
2025,50138,INT,Inter,Inter,Italy,Italia,558.0,215.0,106.0,109.0,362.0,15.0
2025,50147,BEN,Benfica,Benfica,Portugal,Portugal,536.0,212.0,89.0,123.0,243.0,12.0
2025,50080,BAR,Barcelona,Barcelona,Spain,España,505.0,193.0,93.0,100.0,206.0,14.0
2025,50062,PSV,PSV,PSV,Netherlands,Holanda,493.0,211.0,84.0,127.0,216.0,12.0
2025,50023,MON,Monaco,Monaco,France,Francia,469.0,143.0,56.0,87.0,204.0,10.0
2025,50051,RMA,Real Madrid,Real Madrid,Spain,España,466.0,247.0,102.0,145.0,214.0,14.0
2025,50043,BRU,Club Brugge,Club Brugge,Belgium,Bélgica,450.0,148.0,64.0,84.0,243.0,12.0
2025,52280,ARS,Arsenal,Arsenal,England,Inglaterra,449.0,150.0,58.0,92.0,171.0,14.0
2025,50124,ATM,Atleti,Atleti,Spain,España,443.0,180.0,78.0,102.0,147.0,10.0
2025,52683,AVL,Aston Villa,Aston Villa,England,Inglaterra,443.0,154.0,64.0,90.0,160.0,12.0
2025,2601306,BRE,Brest,Brest,France,Francia,441.0,181.0,76.0,105.0,208.0,10.0
2025,52749,FEY,Feyenoord,Feyenoord,Netherlands,Holanda,430.0,162.0,55.0,107.0,235.0,12.0
2025,75797,LIL,Lille,Lille,France,Francia,423.0,125.0,52.0,73.0,166.0,10.0
2025,52816,ATA,Atalanta,Atalanta,Italy,Italia,415.0,115.0,43.0,72.0,120.0,10.0
2025,7889,LIV,Liverpool,Liverpool,England,Inglaterra,392.0,135.0,55.0,80.0,143.0,10.0
2025,50139,JUV,Juventus,Juventus,Italy,Italia,388.0,150.0,72.0,78.0,172.0,10.0
2025,50050,CEL,Celtic,Celtic,Scotland,Escocia,367.0,170.0,75.0,95.0,225.0,10.0
2025,50109,LEV,Leverkusen,Leverkusen,Germany,Alemania,366.0,123.0,38.0,85.0,183.0,10.0
2025,50149,SPO,Sporting CP,Sporting CP,Portugal,Portugal,358.0,117.0,56.0,61.0,170.0,10.0
2025,50030,SAL,Salzburg,Salzburg,Austria,Austria,351.0,148.0,47.0,101.0,138.0,8.0
2025,50107,STU,Stuttgart,Stuttgart,Germany,Alemania,344.0,129.0,56.0,73.0,114.0,8.0
2025,2603790,RBL,Leipzig,Leipzig,Germany,Alemania,328.0,117.0,44.0,73.0,155.0,8.0
2025,50111,SGR,Sturm Graz,Sturm Graz,Austria,Austria,325.0,143.0,68.0,75.0,220.0,8.0
2025,50164,DIN,GNK Dinamo,GNK Dinamo,Croatia,Croacia,322.0,138.0,68.0,70.0,213.0,8.0
2025,50058,MIL,Milan,Milan,Italy,Italia,321.0,137.0,47.0,90.0,157.0,10.0
2025,50033,SPA,Sparta Praha,Sparta Praha,Czechia,Chequia,319.0,108.0,43.0,65.0,199.0,8.0
2025,52969,BOL,Bologna,Bologna,Italy,Italia,318.0,124.0,50.0,74.0,147.0,8.0
2025,52707,SHK,Shakhtar,Shakhtar,Ukraine,Ucrania,316.0,121.0,52.0,69.0,183.0,8.0
2025,50069,ZVE,Crvena Zvezda,Crvena Zvezda,Serbia,Serbia,311.0,105.0,42.0,63.0,159.0,8.0
2025,52919,MCI,Man City,Man City,England,Inglaterra,309.0,107.0,46.0,61.0,93.0,10.0
2025,50031,YB,Young Boys,Young Boys,Switzerland,Suiza,297.0,146.0,60.0,86.0,178.0,8.0
2025,52797,SLB,S. Bratislava,S. Bratislava,Slovakia,Eslovaquia,294.0,132.0,61.0,71.0,234.0,8.0
2025,2602798,GIR,Girona,Girona,Spain,España,250.0,139.0,49.0,90.0,125.0,8.0
