season_year,team_id,team_code,team_name_en,team_name_es,country_en,country_es,disciplinary__fouls_committed,disciplinary__fouls_suffered,disciplinary__yellow_cards,disciplinary__red_cards,disciplinary__matches_appearance
1992,54266,CSM,CSKA Moskva,CSKA Moskva,Russia,Rusia,,,14.0,,10.0
1992,50043,BRU,Club Brugge,Club Brugge,Belgium,Bélgica,,,14.0,,10.0
1992,50062,PSV,PSV,PSV,Netherlands,Holanda,,,13.0,1.0,10.0
1992,50129,AEK,AEK Athens,AEK Athens,Greece,Grecia,,,13.0,,4.0
1992,50110,AUS,Austria Wien,Austria Wien,Austria,Austria,,,13.0,,4.0
1992,50058,MIL,Milan,Milan,Italy,Italia,,,12.0,1.0,11.0
1992,52748,MAR,Marseille,Marseille,France,Francia,,,12.0,,11.0
1992,50064,POR,Porto,Porto,Portugal,Portugal,,,12.0,,10.0
1992,50121,RAN,Rangers,Rangers,Scotland,Escocia,,,8.0,1.0,10.0
1992,50066,IFK,Göteborg,Göteborg,Sweden,Suecia,,,8.0,,10.0
1992,50098,DB,Dinamo Bucureşti,Dinamo Bucureşti,Romania,Rumanía,,,8.0,,4.0
1992,50076,CSS,CSKA Sofia,CSKA Sofia,Bulgaria,Bulgaria,,,8.0,,2.0
1992,53361,LEE,Leeds,Leeds,England,Inglaterra,,,6.0,,5.0
1992,50107,STU,Stuttgart,Stuttgart,Germany,Alemania,,,5.0,,3.0
1992,64227,LPO,Lech Poznań,Lech Poznań,Poland,Polonia,,,4.0,,4.0
1992,52797,SLB,S. Bratislava,S. Bratislava,Slovakia,Eslovaquia,,,4.0,,4.0
1992,50157,BES,Beşiktaş,Beşiktaş,Türkiye,Turquía,,,4.0,,2.0
1992,50118,APO,APOEL,APOEL,Cyprus,Chipre,,,4.0,,2.0
1992,50020,LYN,Lyngby,Lyngby,Denmark,Dinamarca,,,4.0,,2.0
1992,52824,SIO,Sion,Sion,Switzerland,Suiza,,,3.0,,4.0
1992,50080,BAR,Barcelona,Barcelona,Spain,España,,,3.0,,4.0
1992,57477,MTA,M. Tel-Aviv,M. Tel-Aviv,Israel,Israel,,,3.0,,2.0
1992,50082,LAH,Lahti,Lahti,Finland,Finlandia,,,3.0,,2.0
1992,50056,GLE,Glentoran,Glentoran,Northern Ireland,Irlanda del Norte,,,3.0,,2.0
1992,57489,TAV,Tavriya,Tavriya,Ukraine,Ucrania,,,2.0,1.0,2.0
1992,52298,FER,Ferencváros,Ferencváros,Hungary,Hungría,,,2.0,1.0,2.0
1992,2602334,ZAL,Žalgiris,Žalgiris,Lithuania,Lituania,,,2.0,,2.0
1992,57479,SKO,Skonto,Skonto,Latvia,Letonia,,,1.0,,2.0
1992,52697,VKR,Víkingur R.,Víkingur R.,Iceland,Islandia,,,1.0,,2.0
1992,52319,VFK,Viking,Viking,Norway,Noruega,,,1.0,,2.0
1992,50140,USL,US Luxembourg,US Luxembourg,Luxembourg,Luxemburgo,,,1.0,,2.0
1992,53081,OLJ,Olimpija,Olimpija,Slovenia,Eslovenia,,,,1.0,2.0
1993,50058,MIL,Milan,Milan,Italy,Italia,,,19.0,2.0,12.0
1993,50064,POR,Porto,Porto,Portugal,Portugal,,,19.0,1.0,11.0
1993,50040,BRM,Bremen,Bremen,Germany,Alemania,,,18.0,1.0,10.0
1993,50023,MON,Monaco,Monaco,France,Francia,,,16.0,1.0,11.0
1993,50067,GAL,Galatasaray,Galatasaray,Türkiye,Turquía,,,15.0,1.0,10.0
1993,50080,BAR,Barcelona,Barcelona,Spain,España,,,15.0,,12.0
1993,50110,AUS,Austria Wien,Austria Wien,Austria,Austria,,,13.0,,4.0
1993,50074,AND,Anderlecht,Anderlecht,Belgium,Bélgica,,,12.0,,10.0
1993,50068,SPM,Spartak Moskva,Spartak Moskva,Russia,Rusia,,,9.0,2.0,10.0
1993,50065,FCSB,FCSB,FCSB,Romania,Rumanía,,,7.0,1.0,4.0
1993,52749,FEY,Feyenoord,Feyenoord,Netherlands,Holanda,,,6.0,2.0,4.0
1993,50044,LSO,Levski Sofia,Levski Sofia,Bulgaria,Bulgaria,,,5.0,1.0,4.0
1993,52723,DKY,Dynamo Kyiv,Dynamo Kyiv,Ukraine,Ucrania,,,5.0,1.0,2.0
1993,52341,AIK,AIK,AIK,Sweden,Suecia,,,5.0,,2.0
1993,50164,DIN,GNK Dinamo,GNK Dinamo,Croatia,Croacia,,,5.0,,2.0
1993,50161,DMI,Dinamo-Minsk,Dinamo-Minsk,Belarus,Bielorrusia,,,5.0,,2.0
1993,52682,MUN,Man Utd,Man Utd,England,Inglaterra,,,4.0,1.0,4.0
1993,52709,CPH,Copenhagen,Copenhagen,Denmark,Dinamarca,,,4.0,,4.0
1993,50134,LIN,Linfield,Linfield,Northern Ireland,Irlanda del Norte,,,4.0,,2.0
1993,52806,ROS,Rosenborg,Rosenborg,Norway,Noruega,,,3.0,,2.0
1993,50135,AKR,ÍA,ÍA,Iceland,Islandia,,,3.0,,2.0
1993,50129,AEK,AEK Athens,AEK Athens,Greece,Grecia,,,3.0,,2.0
1993,50033,SPA,Sparta Praha,Sparta Praha,Czechia,Chequia,,,2.0,,4.0
1993,57479,SKO,Skonto,Skonto,Latvia,Letonia,,,2.0,,2.0
1993,52803,COR,Cork,Cork,Republic of Ireland,República de Irlanda,,,2.0,,2.0
1993,50121,RAN,Rangers,Rangers,Scotland,Escocia,,,2.0,,2.0
1993,50092,FLO,Floriana,Floriana,Malta,Malta,,,2.0,,2.0
1993,50035,AAR,Aarau,Aarau,Switzerland,Suiza,,,2.0,,2.0
1993,64227,LPO,Lech Poznań,Lech Poznań,Poland,Polonia,,,1.0,,4.0
1993,50052,HJK,HJK,HJK,Finland,Finlandia,,,1.0,,2.0
1993,59034,BEI,Beitar,Beitar,Israel,Israel,,,,,2.0
1993,50054,HON,Honvéd,Honvéd,Hungary,Hungría,,,,,2.0
1994,50037,BAY,Bayern München,Bayern München,Germany,Alemania,,,19.0,1.0,10.0
1994,50065,FCSB,FCSB,FCSB,Romania,Rumanía,,,18.0,2.0,6.0
1994,52359,HAJ,Hajduk Split,Hajduk Split,Croatia,Croacia,,,18.0,1.0,8.0
1994,50058,MIL,Milan,Milan,Italy,Italia,,,17.0,,11.0
1994,52747,PSG,Paris,Paris,France,Francia,,,17.0,,10.0
1994,50147,BEN,Benfica,Benfica,Portugal,Portugal,,,13.0,,8.0
1994,50074,AND,Anderlecht,Anderlecht,Belgium,Bélgica,,,12.0,1.0,6.0
1994,50068,SPM,Spartak Moskva,Spartak Moskva,Russia,Rusia,,,11.0,1.0,6.0
1994,50080,BAR,Barcelona,Barcelona,Spain,España,,,11.0,,8.0
1994,52682,MUN,Man Utd,Man Utd,England,Inglaterra,,,10.0,1.0,6.0
1994,50143,AJX,Ajax,Ajax,Netherlands,Holanda,,,10.0,,11.0
1994,50129,AEK,AEK Athens,AEK Athens,Greece,Grecia,,,8.0,1.0,6.0
1994,50066,IFK,Göteborg,Göteborg,Sweden,Suecia,,,8.0,,8.0
1994,50067,GAL,Galatasaray,Galatasaray,Türkiye,Turquía,,,8.0,,6.0
1994,50030,SAL,Salzburg,Salzburg,Austria,Austria,,,8.0,,6.0
1994,52723,DKY,Dynamo Kyiv,Dynamo Kyiv,Ukraine,Ucrania,,,5.0,2.0,6.0
1995,52693,NAN,Nantes,Nantes,France,Francia,,,24.0,2.0,10.0
1995,50139,JUV,Juventus,Juventus,Italy,Italia,,,23.0,1.0,11.0
1995,50143,AJX,Ajax,Ajax,Netherlands,Holanda,,,17.0,,11.0
1995,50084,PAN,Panathinaikos,Panathinaikos,Greece,Grecia,,,15.0,2.0,10.0
1995,50051,RMA,Real Madrid,Real Madrid,Spain,España,,,15.0,1.0,8.0
1995,50068,SPM,Spartak Moskva,Spartak Moskva,Russia,Rusia,,,14.0,,8.0
1995,50004,GCZ,Grasshoppers,Grasshoppers,Switzerland,Suiza,,,13.0,1.0,6.0
1995,52298,FER,Ferencváros,Ferencváros,Hungary,Hungría,,,11.0,,6.0
1995,54186,AAL,AaB,AaB,Denmark,Dinamarca,,,10.0,2.0,6.0
1995,52758,BVB,B. Dortmund,B. Dortmund,Germany,Alemania,,,10.0,1.0,8.0
1995,50064,POR,Porto,Porto,Portugal,Portugal,,,10.0,,6.0
1995,50121,RAN,Rangers,Rangers,Scotland,Escocia,,,9.0,3.0,6.0
1995,50146,LEG,Legia Warszawa,Legia Warszawa,Poland,Polonia,,,9.0,1.0,8.0
1995,53344,BLA,Blackburn,Blackburn,England,Inglaterra,,,7.0,2.0,6.0
1995,50065,FCSB,FCSB,FCSB,Romania,Rumanía,,,7.0,2.0,6.0
1995,52806,ROS,Rosenborg,Rosenborg,Norway,Noruega,,,5.0,,6.0
1996,50124,ATM,Atleti,Atleti,Spain,España,,,24.0,,8.0
1996,52758,BVB,B. Dortmund,B. Dortmund,Germany,Alemania,,,21.0,1.0,11.0
1996,50064,POR,Porto,Porto,Portugal,Portugal,,,18.0,,8.0
1996,52269,AJA,Auxerre,Auxerre,France,Francia,,,17.0,,8.0
1996,50065,FCSB,FCSB,FCSB,Romania,Rumanía,,,14.0,1.0,6.0
1996,50139,JUV,Juventus,Juventus,Italy,Italia,,,14.0,,11.0
1996,50121,RAN,Rangers,Rangers,Scotland,Escocia,,,13.0,1.0,6.0
1996,50004,GCZ,Grasshoppers,Grasshoppers,Switzerland,Suiza,,,13.0,,6.0
1996,52682,MUN,Man Utd,Man Utd,England,Inglaterra,,,12.0,,10.0
1996,50058,MIL,Milan,Milan,Italy,Italia,,,12.0,,6.0
1996,50042,RAP,SK Rapid,SK Rapid,Austria,Austria,,,12.0,,6.0
1996,50143,AJX,Ajax,Ajax,Netherlands,Holanda,,,11.0,,10.0
1996,52752,WID,Widzew,Widzew,Poland,Polonia,,,10.0,,6.0
1996,52806,ROS,Rosenborg,Rosenborg,Norway,Noruega,,,6.0,2.0,8.0
1996,52692,FEN,Fenerbahçe,Fenerbahçe,Türkiye,Turquía,,,4.0,,6.0
1996,50066,IFK,Göteborg,Göteborg,Sweden,Suecia,,,3.0,1.0,6.0
1997,50109,LEV,Leverkusen,Leverkusen,Germany,Alemania,,,22.0,3.0,8.0
1997,50139,JUV,Juventus,Juventus,Italy,Italia,,,19.0,2.0,11.0
1997,50064,POR,Porto,Porto,Portugal,Portugal,,,18.0,1.0,6.0
1997,50051,RMA,Real Madrid,Real Madrid,Spain,España,,,18.0,,11.0
1997,52758,BVB,B. Dortmund,B. Dortmund,Germany,Alemania,,,16.0,,10.0
1997,50023,MON,Monaco,Monaco,France,Francia,,,16.0,,10.0
1997,50033,SPA,Sparta Praha,Sparta Praha,Czechia,Chequia,,,16.0,,6.0
1997,50066,IFK,Göteborg,Göteborg,Sweden,Suecia,,,14.0,1.0,6.0
1997,52749,FEY,Feyenoord,Feyenoord,Netherlands,Holanda,,,14.0,,6.0
1997,50149,SPO,Sporting CP,Sporting CP,Portugal,Portugal,,,13.0,2.0,6.0
1997,50080,BAR,Barcelona,Barcelona,Spain,España,,,12.0,2.0,6.0
1997,50067,GAL,Galatasaray,Galatasaray,Türkiye,Turquía,,,12.0,2.0,6.0
1997,54262,PAR,Parma,Parma,Italy,Italia,,,12.0,,6.0
1997,50062,PSV,PSV,PSV,Netherlands,Holanda,,,11.0,3.0,6.0
1997,52723,DKY,Dynamo Kyiv,Dynamo Kyiv,Ukraine,Ucrania,,,11.0,,8.0
1997,8404,LIE,Lierse,Lierse,Belgium,Bélgica,,,11.0,,6.0
1997,2610,OLY,Olympiacos,Olympiacos,Greece,Grecia,,,11.0,,6.0
1997,52747,PSG,Paris,Paris,France,Francia,,,10.0,1.0,6.0
1997,59324,NEW,Newcastle,Newcastle,England,Inglaterra,,,10.0,,6.0
1997,50157,BES,Beşiktaş,Beşiktaş,Türkiye,Turquía,,,8.0,1.0,6.0
1997,50037,BAY,Bayern München,Bayern München,Germany,Alemania,,,8.0,,8.0
1997,59029,KOS,Košice,Košice,Slovakia,Eslovaquia,,,7.0,,6.0
1997,52806,ROS,Rosenborg,Rosenborg,Norway,Noruega,,,6.0,,6.0
1997,52682,MUN,Man Utd,Man Utd,England,Inglaterra,,,5.0,,8.0
1998,50139,JUV,Juventus,Juventus,Italy,Italia,,,23.0,1.0,10.0
1998,50138,INT,Inter,Inter,Italy,Italia,,,21.0,1.0,8.0
1998,2610,OLY,Olympiacos,Olympiacos,Greece,Grecia,,,20.0,1.0,8.0
1998,50037,BAY,Bayern München,Bayern München,Germany,Alemania,,,20.0,,11.0
1998,50062,PSV,PSV,PSV,Netherlands,Holanda,,,19.0,1.0,6.0
1998,50067,GAL,Galatasaray,Galatasaray,Türkiye,Turquía,,,16.0,1.0,6.0
1998,50064,POR,Porto,Porto,Portugal,Portugal,,,16.0,,6.0
1998,50051,RMA,Real Madrid,Real Madrid,Spain,España,,,15.0,,8.0
1998,52682,MUN,Man Utd,Man Utd,England,Inglaterra,,,14.0,1.0,11.0
1998,3695,KAI,Kaiserslautern,Kaiserslautern,Germany,Alemania,,,13.0,2.0,8.0
1998,50068,SPM,Spartak Moskva,Spartak Moskva,Russia,Rusia,,,13.0,,6.0
1998,50147,BEN,Benfica,Benfica,Portugal,Portugal,,,12.0,1.0,6.0
1998,50125,ATH,Athletic Club,Athletic Club,Spain,España,,,11.0,1.0,6.0
1998,52806,ROS,Rosenborg,Rosenborg,Norway,Noruega,,,11.0,,6.0
1998,50021,BRO,Brøndby,Brøndby,Denmark,Dinamarca,,,11.0,,6.0
1998,50084,PAN,Panathinaikos,Panathinaikos,Greece,Grecia,,,10.0,1.0,6.0
1998,50143,AJX,Ajax,Ajax,Netherlands,Holanda,,,10.0,,6.0
1998,52277,LEN,Lens,Lens,France,Francia,,,9.0,2.0,6.0
1998,50080,BAR,Barcelona,Barcelona,Spain,España,,,9.0,1.0,6.0
1998,52723,DKY,Dynamo Kyiv,Dynamo Kyiv,Ukraine,Ucrania,,,9.0,,10.0
1998,52280,ARS,Arsenal,Arsenal,England,Inglaterra,,,8.0,1.0,6.0
1998,50164,DIN,GNK Dinamo,GNK Dinamo,Croatia,Croacia,,,8.0,,6.0
1998,50111,SGR,Sturm Graz,Sturm Graz,Austria,Austria,,,8.0,,6.0
1998,50052,HJK,HJK,HJK,Finland,Finlandia,,,8.0,,6.0
1999,52973,LAZ,Lazio,Lazio,Italy,Italia,,,33.0,1.0,14.0
1999,52268,VAL,Valencia,Valencia,Spain,España,,,33.0,,17.0
1999,52817,FIO,Fiorentina,Fiorentina,Italy,Italia,,,30.0,1.0,12.0
1999,50064,POR,Porto,Porto,Portugal,Portugal,,,26.0,1.0,14.0
1999,5451,HER,Hertha,Hertha,Germany,Alemania,,,26.0,1.0,12.0
1999,50058,MIL,Milan,Milan,Italy,Italia,,,23.0,,6.0
1999,50051,RMA,Real Madrid,Real Madrid,Spain,España,,,22.0,1.0,17.0
1999,50037,BAY,Bayern München,Bayern München,Germany,Alemania,,,22.0,1.0,16.0
1999,52749,FEY,Feyenoord,Feyenoord,Netherlands,Holanda,,,21.0,1.0,12.0
1999,50033,SPA,Sparta Praha,Sparta Praha,Czechia,Chequia,,,21.0,1.0,12.0
1999,50127,BOR,Bordeaux,Bordeaux,France,Francia,,,20.0,3.0,12.0
1999,50080,BAR,Barcelona,Barcelona,Spain,España,,,20.0,,16.0
1999,52682,MUN,Man Utd,Man Utd,England,Inglaterra,,,20.0,,14.0
1999,52748,MAR,Marseille,Marseille,France,Francia,,,17.0,4.0,12.0
1999,52914,CHE,Chelsea,Chelsea,England,Inglaterra,,,17.0,2.0,14.0
1999,52806,ROS,Rosenborg,Rosenborg,Norway,Noruega,,,15.0,1.0,12.0
1999,52987,WIL,Willem II,Willem II,Netherlands,Holanda,,,15.0,1.0,6.0
1999,52280,ARS,Arsenal,Arsenal,England,Inglaterra,,,15.0,1.0,6.0
1999,52723,DKY,Dynamo Kyiv,Dynamo Kyiv,Ukraine,Ucrania,,,14.0,,12.0
1999,52819,BOA,Boavista,Boavista,Portugal,Portugal,,,13.0,2.0,6.0
1999,57490,MRB,Maribor,Maribor,Slovenia,Eslovenia,,,13.0,1.0,6.0
1999,50164,DIN,GNK Dinamo,GNK Dinamo,Croatia,Croacia,,,13.0,,6.0
1999,50068,SPM,Spartak Moskva,Spartak Moskva,Russia,Rusia,,,12.0,4.0,6.0
1999,52758,BVB,B. Dortmund,B. Dortmund,Germany,Alemania,,,12.0,1.0,6.0
1999,50067,GAL,Galatasaray,Galatasaray,Türkiye,Turquía,,,11.0,1.0,6.0
1999,50062,PSV,PSV,PSV,Netherlands,Holanda,,,10.0,1.0,6.0
1999,50109,LEV,Leverkusen,Leverkusen,Germany,Alemania,,,10.0,,6.0
1999,2610,OLY,Olympiacos,Olympiacos,Greece,Grecia,,,10.0,,6.0
1999,50121,RAN,Rangers,Rangers,Scotland,Escocia,,,9.0,,6.0
1999,50111,SGR,Sturm Graz,Sturm Graz,Austria,Austria,,,9.0,,6.0
1999,52341,AIK,AIK,AIK,Sweden,Suecia,,,3.0,,6.0
1999,50142,MOL,Molde,Molde,Norway,Noruega,,,3.0,,6.0
2000,52268,VAL,Valencia,Valencia,Spain,España,,,37.0,,17.0
2000,50067,GAL,Galatasaray,Galatasaray,Türkiye,Turquía,,,35.0,4.0,14.0
2000,50037,BAY,Bayern München,Bayern München,Germany,Alemania,,,32.0,1.0,17.0
2000,52973,LAZ,Lazio,Lazio,Italy,Italia,,,27.0,1.0,12.0
2000,50058,MIL,Milan,Milan,Italy,Italia,,,27.0,1.0,12.0
2000,53361,LEE,Leeds,Leeds,England,Inglaterra,,,25.0,1.0,16.0
2000,5312,LYO,Lyon,Lyon,France,Francia,,,25.0,1.0,12.0
2000,50051,RMA,Real Madrid,Real Madrid,Spain,España,,,25.0,,16.0
2000,52280,ARS,Arsenal,Arsenal,England,Inglaterra,,,25.0,,14.0
2000,52747,PSG,Paris,Paris,France,Francia,,,23.0,1.0,12.0
2000,50068,SPM,Spartak Moskva,Spartak Moskva,Russia,Rusia,,,22.0,,12.0
2000,50111,SGR,Sturm Graz,Sturm Graz,Austria,Austria,,,21.0,2.0,12.0
2000,50074,AND,Anderlecht,Anderlecht,Belgium,Bélgica,,,21.0,,12.0
2000,50139,JUV,Juventus,Juventus,Italy,Italia,,,19.0,5.0,6.0
2000,2610,OLY,Olympiacos,Olympiacos,Greece,Grecia,,,18.0,1.0,6.0
2000,52682,MUN,Man Utd,Man Utd,England,Inglaterra,,,18.0,,14.0
2000,59044,DEP,Deportivo,Deportivo,Spain,España,,,17.0,,14.0
2000,50084,PAN,Panathinaikos,Panathinaikos,Greece,Grecia,,,16.0,,12.0
2000,50023,MON,Monaco,Monaco,France,Francia,,,12.0,3.0,6.0
2000,50062,PSV,PSV,PSV,Netherlands,Holanda,,,12.0,1.0,6.0
2000,50121,RAN,Rangers,Rangers,Scotland,Escocia,,,11.0,1.0,6.0
2000,52707,SHK,Shakhtar,Shakhtar,Ukraine,Ucrania,,,10.0,1.0,6.0
2000,59862,HVN,Heerenveen,Heerenveen,Netherlands,Holanda,,,9.0,1.0,6.0
2000,52806,ROS,Rosenborg,Rosenborg,Norway,Noruega,,,9.0,1.0,6.0
2000,50149,SPO,Sporting CP,Sporting CP,Portugal,Portugal,,,9.0,1.0,6.0
2000,50109,LEV,Leverkusen,Leverkusen,Germany,Alemania,,,9.0,,6.0
2000,60401,HEL,Helsingborg,Helsingborg,Sweden,Suecia,,,8.0,,6.0
2000,50157,BES,Beşiktaş,Beşiktaş,Türkiye,Turquía,,,8.0,,6.0
2000,50080,BAR,Barcelona,Barcelona,Spain,España,,,8.0,,6.0
2000,52167,HSV,Hamburg,Hamburg,Germany,Alemania,,,7.0,,6.0
2000,50033,SPA,Sparta Praha,Sparta Praha,Czechia,Chequia,,,4.0,1.0,6.0
2000,52723,DKY,Dynamo Kyiv,Dynamo Kyiv,Ukraine,Ucrania,,,4.0,,6.0
2001,50109,LEV,Leverkusen,Leverkusen,Germany,Alemania,283.0,366.0,30.0,,17.0
2001,50080,BAR,Barcelona,Barcelona,Spain,España,273.0,268.0,33.0,,16.0
2001,50139,JUV,Juventus,Juventus,Italy,Italia,265.0,215.0,29.0,2.0,12.0
2001,52819,BOA,Boavista,Boavista,Portugal,Portugal,261.0,248.0,27.0,,12.0
2001,50064,POR,Porto,Porto,Portugal,Portugal,258.0,216.0,24.0,1.0,12.0
2001,52682,MUN,Man Utd,Man Utd,England,Inglaterra,257.0,211.0,18.0,,16.0
2001,50051,RMA,Real Madrid,Real Madrid,Spain,España,256.0,300.0,25.0,,17.0
2001,50084,PAN,Panathinaikos,Panathinaikos,Greece,Grecia,248.0,290.0,24.0,,14.0
2001,50137,ROM,Roma,Roma,Italy,Italia,244.0,229.0,19.0,,12.0
2001,50067,GAL,Galatasaray,Galatasaray,Türkiye,Turquía,240.0,245.0,24.0,2.0,12.0
2001,7889,LIV,Liverpool,Liverpool,England,Inglaterra,230.0,198.0,16.0,,14.0
2001,59044,DEP,Deportivo,Deportivo,Spain,España,220.0,270.0,25.0,2.0,14.0
2001,52693,NAN,Nantes,Nantes,France,Francia,220.0,219.0,21.0,1.0,12.0
2001,50037,BAY,Bayern München,Bayern München,Germany,Alemania,207.0,242.0,16.0,1.0,14.0
2001,52280,ARS,Arsenal,Arsenal,England,Inglaterra,200.0,191.0,16.0,3.0,12.0
2001,50033,SPA,Sparta Praha,Sparta Praha,Czechia,Chequia,198.0,207.0,8.0,1.0,12.0
2001,52692,FEN,Fenerbahçe,Fenerbahçe,Türkiye,Turquía,126.0,105.0,17.0,1.0,6.0
2001,75797,LIL,Lille,Lille,France,Francia,122.0,92.0,6.0,,6.0
2001,52973,LAZ,Lazio,Lazio,Italy,Italia,121.0,97.0,12.0,,6.0
2001,53065,LMO,Lokomotiv Moskva,Lokomotiv Moskva,Russia,Rusia,120.0,91.0,8.0,,6.0
2001,57388,SCH,Schalke,Schalke,Germany,Alemania,117.0,89.0,16.0,,6.0
2001,52749,FEY,Feyenoord,Feyenoord,Netherlands,Holanda,114.0,86.0,12.0,3.0,6.0
2001,50050,CEL,Celtic,Celtic,Scotland,Escocia,111.0,129.0,6.0,,6.0
2001,52806,ROS,Rosenborg,Rosenborg,Norway,Noruega,108.0,105.0,7.0,,6.0
2001,50062,PSV,PSV,PSV,Netherlands,Holanda,107.0,113.0,7.0,,6.0
2001,50074,AND,Anderlecht,Anderlecht,Belgium,Bélgica,100.0,97.0,8.0,,6.0
2001,5312,LYO,Lyon,Lyon,France,Francia,99.0,125.0,7.0,1.0,6.0
2001,52758,BVB,B. Dortmund,B. Dortmund,Germany,Alemania,98.0,98.0,8.0,1.0,6.0
2001,2610,OLY,Olympiacos,Olympiacos,Greece,Grecia,96.0,121.0,11.0,1.0,6.0
2001,53044,MAL,Mallorca,Mallorca,Spain,España,89.0,96.0,11.0,1.0,6.0
2001,50068,SPM,Spartak Moskva,Spartak Moskva,Russia,Rusia,84.0,85.0,9.0,,6.0
2001,52723,DKY,Dynamo Kyiv,Dynamo Kyiv,Ukraine,Ucrania,69.0,97.0,8.0,,6.0
2002,50139,JUV,Juventus,Juventus,Italy,Italia,317.0,303.0,36.0,1.0,17.0
2002,50143,AJX,Ajax,Ajax,Netherlands,Holanda,288.0,231.0,33.0,3.0,14.0
2002,50137,ROM,Roma,Roma,Italy,Italia,283.0,213.0,27.0,1.0,12.0
2002,50058,MIL,Milan,Milan,Italy,Italia,278.0,298.0,23.0,,17.0
2002,50138,INT,Inter,Inter,Italy,Italia,252.0,272.0,33.0,3.0,16.0
2002,52268,VAL,Valencia,Valencia,Spain,España,251.0,268.0,27.0,3.0,14.0
2002,59324,NEW,Newcastle,Newcastle,England,Inglaterra,244.0,173.0,11.0,1.0,12.0
2002,50080,BAR,Barcelona,Barcelona,Spain,España,229.0,232.0,26.0,,14.0
2002,53065,LMO,Lokomotiv Moskva,Lokomotiv Moskva,Russia,Rusia,222.0,162.0,27.0,1.0,12.0
2002,50051,RMA,Real Madrid,Real Madrid,Spain,España,204.0,282.0,17.0,,16.0
2002,52682,MUN,Man Utd,Man Utd,England,Inglaterra,202.0,149.0,26.0,,14.0
2002,50109,LEV,Leverkusen,Leverkusen,Germany,Alemania,192.0,229.0,23.0,,12.0
2002,52280,ARS,Arsenal,Arsenal,England,Inglaterra,180.0,223.0,11.0,1.0,12.0
2002,52758,BVB,B. Dortmund,B. Dortmund,Germany,Alemania,179.0,179.0,17.0,,12.0
2002,59856,BSL,Basel,Basel,Switzerland,Suiza,165.0,173.0,11.0,,12.0
2002,59044,DEP,Deportivo,Deportivo,Spain,España,158.0,210.0,15.0,,12.0
2002,52277,LEN,Lens,Lens,France,Francia,137.0,90.0,7.0,,6.0
2002,52749,FEY,Feyenoord,Feyenoord,Netherlands,Holanda,134.0,99.0,15.0,,6.0
2002,50037,BAY,Bayern München,Bayern München,Germany,Alemania,119.0,115.0,13.0,,6.0
2002,50068,SPM,Spartak Moskva,Spartak Moskva,Russia,Rusia,118.0,79.0,18.0,,6.0
2002,50062,PSV,PSV,PSV,Netherlands,Holanda,116.0,71.0,17.0,,6.0
2002,2610,OLY,Olympiacos,Olympiacos,Greece,Grecia,114.0,116.0,16.0,1.0,6.0
2002,59045,MHA,Maccabi Haifa,Maccabi Haifa,Israel,Israel,110.0,73.0,9.0,,6.0
2002,50043,BRU,Club Brugge,Club Brugge,Belgium,Bélgica,105.0,84.0,15.0,,6.0
2002,52806,ROS,Rosenborg,Rosenborg,Norway,Noruega,98.0,88.0,6.0,,6.0
2002,61582,GEN,Genk,Genk,Belgium,Bélgica,94.0,62.0,9.0,1.0,6.0
2002,5312,LYO,Lyon,Lyon,France,Francia,92.0,115.0,6.0,,6.0
2002,52269,AJA,Auxerre,Auxerre,France,Francia,92.0,98.0,8.0,2.0,6.0
2002,50067,GAL,Galatasaray,Galatasaray,Türkiye,Turquía,91.0,116.0,7.0,,6.0
2002,52723,DKY,Dynamo Kyiv,Dynamo Kyiv,Ukraine,Ucrania,90.0,110.0,4.0,,6.0
2002,7889,LIV,Liverpool,Liverpool,England,Inglaterra,79.0,97.0,7.0,1.0,6.0
2002,50129,AEK,AEK Athens,AEK Athens,Greece,Grecia,74.0,86.0,9.0,,6.0
2003,50064,POR,Porto,Porto,Portugal,Portugal,259.0,217.0,31.0,,13.0
2003,50023,MON,Monaco,Monaco,France,Francia,191.0,195.0,19.0,3.0,13.0
2003,59044,DEP,Deportivo,Deportivo,Spain,España,182.0,221.0,18.0,2.0,12.0
2003,52914,CHE,Chelsea,Chelsea,England,Inglaterra,178.0,162.0,24.0,2.0,12.0
2003,52280,ARS,Arsenal,Arsenal,England,Inglaterra,165.0,145.0,8.0,,10.0
2003,53065,LMO,Lokomotiv Moskva,Lokomotiv Moskva,Russia,Rusia,160.0,102.0,16.0,2.0,8.0
2003,50037,BAY,Bayern München,Bayern München,Germany,Alemania,156.0,118.0,21.0,1.0,8.0
2003,50139,JUV,Juventus,Juventus,Italy,Italia,149.0,110.0,17.0,,8.0
2003,50123,RSO,Real Sociedad,Real Sociedad,Spain,España,147.0,129.0,12.0,1.0,8.0
2003,5312,LYO,Lyon,Lyon,France,Francia,146.0,184.0,14.0,1.0,10.0
2003,50033,SPA,Sparta Praha,Sparta Praha,Czechia,Chequia,138.0,112.0,6.0,,8.0
2003,50058,MIL,Milan,Milan,Italy,Italia,130.0,187.0,14.0,2.0,10.0
2003,52682,MUN,Man Utd,Man Utd,England,Inglaterra,130.0,107.0,10.0,1.0,8.0
2003,50067,GAL,Galatasaray,Galatasaray,Türkiye,Turquía,127.0,115.0,14.0,2.0,6.0
2003,52748,MAR,Marseille,Marseille,France,Francia,120.0,93.0,8.0,,6.0
2003,50143,AJX,Ajax,Ajax,Netherlands,Holanda,120.0,65.0,16.0,1.0,6.0
2003,50107,STU,Stuttgart,Stuttgart,Germany,Alemania,117.0,128.0,8.0,,8.0
2003,50050,CEL,Celtic,Celtic,Scotland,Escocia,117.0,80.0,11.0,,6.0
2003,53043,CLT,Celta,Celta,Spain,España,116.0,148.0,22.0,1.0,8.0
2003,50084,PAN,Panathinaikos,Panathinaikos,Greece,Grecia,111.0,97.0,12.0,1.0,6.0
2003,2610,OLY,Olympiacos,Olympiacos,Greece,Grecia,109.0,140.0,14.0,1.0,6.0
2003,50121,RAN,Rangers,Rangers,Scotland,Escocia,109.0,108.0,9.0,,6.0
2003,50062,PSV,PSV,PSV,Netherlands,Holanda,107.0,87.0,13.0,1.0,6.0
2003,50051,RMA,Real Madrid,Real Madrid,Spain,España,106.0,188.0,14.0,,10.0
2003,50157,BES,Beşiktaş,Beşiktaş,Türkiye,Turquía,104.0,89.0,12.0,1.0,6.0
2003,50043,BRU,Club Brugge,Club Brugge,Belgium,Bélgica,104.0,73.0,10.0,2.0,6.0
2003,50074,AND,Anderlecht,Anderlecht,Belgium,Bélgica,103.0,115.0,14.0,1.0,6.0
2003,52723,DKY,Dynamo Kyiv,Dynamo Kyiv,Ukraine,Ucrania,99.0,90.0,7.0,,6.0
2003,50162,PRT,Partizan,Partizan,Serbia,Serbia,92.0,83.0,6.0,1.0,6.0
2003,50129,AEK,AEK Athens,AEK Athens,Greece,Grecia,92.0,82.0,10.0,1.0,6.0
2003,52973,LAZ,Lazio,Lazio,Italy,Italia,88.0,104.0,13.0,1.0,6.0
2003,50138,INT,Inter,Inter,Italy,Italia,86.0,129.0,9.0,,6.0
2004,7889,LIV,Liverpool,Liverpool,England,Inglaterra,235.0,195.0,22.0,,13.0
2004,50062,PSV,PSV,PSV,Netherlands,Holanda,227.0,186.0,17.0,1.0,12.0
2004,50058,MIL,Milan,Milan,Italy,Italia,222.0,213.0,16.0,,13.0
2004,50139,JUV,Juventus,Juventus,Italy,Italia,222.0,192.0,23.0,1.0,10.0
2004,52914,CHE,Chelsea,Chelsea,England,Inglaterra,209.0,185.0,21.0,1.0,12.0
2004,50138,INT,Inter,Inter,Italy,Italia,209.0,147.0,18.0,1.0,10.0
2004,50037,BAY,Bayern München,Bayern München,Germany,Alemania,170.0,154.0,16.0,,10.0
2004,50064,POR,Porto,Porto,Portugal,Portugal,155.0,166.0,20.0,,8.0
2004,50023,MON,Monaco,Monaco,France,Francia,153.0,117.0,10.0,1.0,8.0
2004,5312,LYO,Lyon,Lyon,France,Francia,146.0,187.0,10.0,,10.0
2004,50109,LEV,Leverkusen,Leverkusen,Germany,Alemania,144.0,138.0,24.0,1.0,8.0
2004,50051,RMA,Real Madrid,Real Madrid,Spain,España,141.0,159.0,14.0,1.0,8.0
2004,50040,BRM,Bremen,Bremen,Germany,Alemania,139.0,151.0,18.0,1.0,8.0
2004,52682,MUN,Man Utd,Man Utd,England,Inglaterra,137.0,124.0,10.0,,8.0
2004,2610,OLY,Olympiacos,Olympiacos,Greece,Grecia,129.0,129.0,17.0,1.0,6.0
2004,50050,CEL,Celtic,Celtic,Scotland,Escocia,122.0,82.0,12.0,,6.0
2004,54266,CSM,CSKA Moskva,CSKA Moskva,Russia,Rusia,118.0,99.0,11.0,1.0,6.0
2004,52692,FEN,Fenerbahçe,Fenerbahçe,Türkiye,Turquía,116.0,105.0,13.0,2.0,6.0
2004,50137,ROM,Roma,Roma,Italy,Italia,115.0,97.0,15.0,4.0,6.0
2004,52268,VAL,Valencia,Valencia,Spain,España,115.0,93.0,18.0,2.0,6.0
2004,50080,BAR,Barcelona,Barcelona,Spain,España,112.0,157.0,7.0,,8.0
2004,52280,ARS,Arsenal,Arsenal,England,Inglaterra,112.0,145.0,12.0,2.0,8.0
2004,50143,AJX,Ajax,Ajax,Netherlands,Holanda,110.0,78.0,9.0,,6.0
2004,52747,PSG,Paris,Paris,France,Francia,104.0,97.0,11.0,1.0,6.0
2004,50074,AND,Anderlecht,Anderlecht,Belgium,Bélgica,103.0,115.0,8.0,,6.0
2004,52806,ROS,Rosenborg,Rosenborg,Norway,Noruega,102.0,71.0,4.0,,6.0
2004,52723,DKY,Dynamo Kyiv,Dynamo Kyiv,Ukraine,Ucrania,99.0,107.0,10.0,,6.0
2004,57477,MTA,M. Tel-Aviv,M. Tel-Aviv,Israel,Israel,94.0,113.0,8.0,,6.0
2004,50084,PAN,Panathinaikos,Panathinaikos,Greece,Grecia,94.0,108.0,13.0,,6.0
2004,50033,SPA,Sparta Praha,Sparta Praha,Czechia,Chequia,92.0,86.0,6.0,1.0,6.0
2004,59044,DEP,Deportivo,Deportivo,Spain,España,88.0,128.0,12.0,,6.0
2004,52707,SHK,Shakhtar,Shakhtar,Ukraine,Ucrania,86.0,99.0,9.0,3.0,6.0
2005,50080,BAR,Barcelona,Barcelona,Spain,España,230.0,266.0,22.0,,13.0
2005,50058,MIL,Milan,Milan,Italy,Italia,204.0,228.0,19.0,1.0,12.0
2005,52280,ARS,Arsenal,Arsenal,England,Inglaterra,197.0,220.0,17.0,2.0,13.0
2005,50138,INT,Inter,Inter,Italy,Italia,189.0,188.0,20.0,2.0,10.0
2005,50121,RAN,Rangers,Rangers,Scotland,Escocia,189.0,130.0,17.0,,8.0
2005,50139,JUV,Juventus,Juventus,Italy,Italia,187.0,137.0,29.0,5.0,10.0
2005,70691,VIL,Villarreal,Villarreal,Spain,España,186.0,209.0,29.0,,12.0
2005,5312,LYO,Lyon,Lyon,France,Francia,180.0,180.0,18.0,1.0,10.0
2005,50147,BEN,Benfica,Benfica,Portugal,Portugal,177.0,182.0,15.0,,10.0
2005,52914,CHE,Chelsea,Chelsea,England,Inglaterra,172.0,125.0,17.0,1.0,8.0
2005,50062,PSV,PSV,PSV,Netherlands,Holanda,168.0,132.0,11.0,2.0,8.0
2005,50040,BRM,Bremen,Bremen,Germany,Alemania,162.0,130.0,13.0,1.0,8.0
2005,50037,BAY,Bayern München,Bayern München,Germany,Alemania,141.0,148.0,13.0,,8.0
2005,50051,RMA,Real Madrid,Real Madrid,Spain,España,141.0,131.0,21.0,1.0,8.0
2005,51310,UDI,Udinese,Udinese,Italy,Italia,127.0,84.0,15.0,2.0,6.0
2005,75797,LIL,Lille,Lille,France,Francia,126.0,77.0,13.0,,6.0
2005,50143,AJX,Ajax,Ajax,Netherlands,Holanda,125.0,101.0,10.0,,8.0
2005,7889,LIV,Liverpool,Liverpool,England,Inglaterra,124.0,110.0,13.0,,8.0
2005,57388,SCH,Schalke,Schalke,Germany,Alemania,113.0,123.0,14.0,,6.0
2005,64519,PET,Petržalka,Petržalka,Slovakia,Eslovaquia,111.0,117.0,12.0,,6.0
2005,52692,FEN,Fenerbahçe,Fenerbahçe,Türkiye,Turquía,109.0,77.0,13.0,3.0,6.0
2005,50064,POR,Porto,Porto,Portugal,Portugal,107.0,114.0,11.0,,6.0
2005,52682,MUN,Man Utd,Man Utd,England,Inglaterra,106.0,96.0,17.0,2.0,6.0
2005,50033,SPA,Sparta Praha,Sparta Praha,Czechia,Chequia,106.0,75.0,5.0,1.0,6.0
2005,50084,PAN,Panathinaikos,Panathinaikos,Greece,Grecia,103.0,137.0,11.0,,6.0
2005,52806,ROS,Rosenborg,Rosenborg,Norway,Noruega,100.0,60.0,6.0,,6.0
2005,52265,BET,Real Betis,Real Betis,Spain,España,98.0,112.0,16.0,,6.0
2005,80409,THU,Thun,Thun,Switzerland,Suiza,94.0,108.0,13.0,2.0,6.0
2005,50074,AND,Anderlecht,Anderlecht,Belgium,Bélgica,83.0,87.0,6.0,1.0,6.0
2005,50043,BRU,Club Brugge,Club Brugge,Belgium,Bélgica,83.0,78.0,7.0,,6.0
2005,50042,RAP,SK Rapid,SK Rapid,Austria,Austria,81.0,81.0,9.0,,6.0
2005,2610,OLY,Olympiacos,Olympiacos,Greece,Grecia,74.0,124.0,11.0,1.0,6.0
2006,7889,LIV,Liverpool,Liverpool,England,Inglaterra,222.0,170.0,21.0,,13.0
2006,52682,MUN,Man Utd,Man Utd,England,Inglaterra,202.0,167.0,22.0,1.0,12.0
2006,52914,CHE,Chelsea,Chelsea,England,Inglaterra,196.0,194.0,24.0,,12.0
2006,50058,MIL,Milan,Milan,Italy,Italia,181.0,229.0,19.0,1.0,13.0
2006,50137,ROM,Roma,Roma,Italy,Italia,180.0,208.0,24.0,,10.0
2006,50037,BAY,Bayern München,Bayern München,Germany,Alemania,170.0,148.0,22.0,2.0,10.0
2006,5312,LYO,Lyon,Lyon,France,Francia,170.0,144.0,17.0,,8.0
2006,52268,VAL,Valencia,Valencia,Spain,España,165.0,153.0,22.0,,10.0
2006,50051,RMA,Real Madrid,Real Madrid,Spain,España,155.0,152.0,14.0,1.0,8.0
2006,75797,LIL,Lille,Lille,France,Francia,146.0,101.0,21.0,1.0,8.0
2006,52707,SHK,Shakhtar,Shakhtar,Ukraine,Ucrania,138.0,82.0,21.0,2.0,6.0
2006,50138,INT,Inter,Inter,Italy,Italia,136.0,128.0,17.0,3.0,8.0
2006,50065,FCSB,FCSB,FCSB,Romania,Rumanía,134.0,75.0,18.0,,6.0
2006,50062,PSV,PSV,PSV,Netherlands,Holanda,133.0,97.0,9.0,2.0,10.0
2006,50064,POR,Porto,Porto,Portugal,Portugal,130.0,117.0,12.0,,8.0
2006,50050,CEL,Celtic,Celtic,Scotland,Escocia,126.0,141.0,17.0,,8.0
2006,50080,BAR,Barcelona,Barcelona,Spain,España,116.0,157.0,12.0,,8.0
2006,52167,HSV,Hamburg,Hamburg,Germany,Alemania,113.0,94.0,12.0,3.0,6.0
2006,50149,SPO,Sporting CP,Sporting CP,Portugal,Portugal,112.0,88.0,13.0,,6.0
2006,50040,BRM,Bremen,Bremen,Germany,Alemania,111.0,90.0,12.0,,6.0
2006,52709,CPH,Copenhagen,Copenhagen,Denmark,Dinamarca,106.0,89.0,6.0,,6.0
2006,52280,ARS,Arsenal,Arsenal,England,Inglaterra,105.0,104.0,11.0,,8.0
2006,50147,BEN,Benfica,Benfica,Portugal,Portugal,104.0,88.0,9.0,,6.0
2006,50067,GAL,Galatasaray,Galatasaray,Türkiye,Turquía,100.0,91.0,12.0,2.0,6.0
2006,54266,CSM,CSKA Moskva,CSKA Moskva,Russia,Rusia,96.0,101.0,15.0,,6.0
2006,52723,DKY,Dynamo Kyiv,Dynamo Kyiv,Ukraine,Ucrania,91.0,135.0,12.0,1.0,6.0
2006,50068,SPM,Spartak Moskva,Spartak Moskva,Russia,Rusia,91.0,103.0,8.0,,6.0
2006,50129,AEK,AEK Athens,AEK Athens,Greece,Grecia,91.0,99.0,13.0,,6.0
2006,2610,OLY,Olympiacos,Olympiacos,Greece,Grecia,88.0,116.0,15.0,,6.0
2006,50074,AND,Anderlecht,Anderlecht,Belgium,Bélgica,81.0,72.0,12.0,1.0,6.0
2006,50127,BOR,Bordeaux,Bordeaux,France,Francia,77.0,102.0,7.0,1.0,6.0
2006,50044,LSO,Levski Sofia,Levski Sofia,Bulgaria,Bulgaria,73.0,78.0,8.0,,6.0
2008,52914,CHE,Chelsea,Chelsea,England,Inglaterra,217.0,201.0,17.0,1.0,13.0
2008,57388,SCH,Schalke,Schalke,Germany,Alemania,194.0,166.0,26.0,,10.0
2008,52692,FEN,Fenerbahçe,Fenerbahçe,Türkiye,Turquía,192.0,183.0,21.0,1.0,10.0
2008,52682,MUN,Man Utd,Man Utd,England,Inglaterra,192.0,176.0,17.0,,13.0
2008,7889,LIV,Liverpool,Liverpool,England,Inglaterra,188.0,143.0,17.0,1.0,12.0
2008,50080,BAR,Barcelona,Barcelona,Spain,España,154.0,180.0,20.0,,12.0
2008,2610,OLY,Olympiacos,Olympiacos,Greece,Grecia,147.0,117.0,17.0,1.0,8.0
2008,50051,RMA,Real Madrid,Real Madrid,Spain,España,141.0,147.0,17.0,1.0,8.0
2008,50137,ROM,Roma,Roma,Italy,Italia,134.0,170.0,23.0,,10.0
2008,50138,INT,Inter,Inter,Italy,Italia,133.0,138.0,20.0,4.0,8.0
2008,5312,LYO,Lyon,Lyon,France,Francia,130.0,98.0,17.0,,8.0
2008,52280,ARS,Arsenal,Arsenal,England,Inglaterra,129.0,146.0,17.0,,10.0
2008,50050,CEL,Celtic,Celtic,Scotland,Escocia,129.0,104.0,15.0,,8.0
2008,50064,POR,Porto,Porto,Portugal,Portugal,128.0,156.0,11.0,1.0,8.0
2008,50058,MIL,Milan,Milan,Italy,Italia,127.0,132.0,15.0,,8.0
2008,50062,PSV,PSV,PSV,Netherlands,Holanda,125.0,98.0,8.0,1.0,6.0
2008,52714,SEV,Sevilla,Sevilla,Spain,España,121.0,152.0,14.0,,8.0
2008,50065,FCSB,FCSB,FCSB,Romania,Rumanía,110.0,92.0,12.0,,6.0
2008,52498,SLA,Slavia Praha,Slavia Praha,Czechia,Chequia,110.0,68.0,12.0,,6.0
2008,54266,CSM,CSKA Moskva,CSKA Moskva,Russia,Rusia,105.0,104.0,15.0,,6.0
2008,50149,SPO,Sporting CP,Sporting CP,Portugal,Portugal,101.0,70.0,9.0,,6.0
2008,52973,LAZ,Lazio,Lazio,Italy,Italia,100.0,105.0,12.0,1.0,6.0
2008,50040,BRM,Bremen,Bremen,Germany,Alemania,97.0,90.0,10.0,1.0,6.0
2008,52806,ROS,Rosenborg,Rosenborg,Norway,Noruega,95.0,81.0,8.0,,6.0
2008,52748,MAR,Marseille,Marseille,France,Francia,94.0,95.0,13.0,,6.0
2008,50147,BEN,Benfica,Benfica,Portugal,Portugal,93.0,75.0,9.0,1.0,6.0
2008,52723,DKY,Dynamo Kyiv,Dynamo Kyiv,Ukraine,Ucrania,90.0,80.0,8.0,,6.0
2008,52707,SHK,Shakhtar,Shakhtar,Ukraine,Ucrania,82.0,84.0,12.0,,6.0
2008,50157,BES,Beşiktaş,Beşiktaş,Türkiye,Turquía,82.0,68.0,10.0,,6.0
2008,50107,STU,Stuttgart,Stuttgart,Germany,Alemania,79.0,66.0,10.0,,6.0
2008,52268,VAL,Valencia,Valencia,Spain,España,78.0,91.0,8.0,1.0,6.0
2008,50121,RAN,Rangers,Rangers,Scotland,Escocia,71.0,87.0,15.0,1.0,6.0
2009,52914,CHE,Chelsea,Chelsea,England,Inglaterra,209.0,193.0,30.0,2.0,12.0
2009,52280,ARS,Arsenal,Arsenal,England,Inglaterra,178.0,151.0,20.0,,12.0
2009,7889,LIV,Liverpool,Liverpool,England,Inglaterra,175.0,121.0,17.0,,10.0
2009,52682,MUN,Man Utd,Man Utd,England,Inglaterra,167.0,164.0,14.0,1.0,13.0
2009,50084,PAN,Panathinaikos,Panathinaikos,Greece,Grecia,160.0,145.0,15.0,,8.0
2009,50037,BAY,Bayern München,Bayern München,Germany,Alemania,159.0,170.0,17.0,,10.0
2009,5312,LYO,Lyon,Lyon,France,Francia,154.0,128.0,22.0,1.0,8.0
2009,50139,JUV,Juventus,Juventus,Italy,Italia,148.0,145.0,19.0,1.0,8.0
2009,50080,BAR,Barcelona,Barcelona,Spain,España,145.0,227.0,22.0,1.0,13.0
2009,50064,POR,Porto,Porto,Portugal,Portugal,145.0,165.0,16.0,1.0,10.0
2009,50149,SPO,Sporting CP,Sporting CP,Portugal,Portugal,144.0,123.0,13.0,1.0,8.0
2009,50138,INT,Inter,Inter,Italy,Italia,142.0,120.0,12.0,,8.0
2009,70691,VIL,Villarreal,Villarreal,Spain,España,129.0,168.0,21.0,3.0,10.0
2009,50137,ROM,Roma,Roma,Italy,Italia,127.0,142.0,16.0,,8.0
2009,50124,ATM,Atleti,Atleti,Spain,España,127.0,130.0,17.0,,8.0
2009,52707,SHK,Shakhtar,Shakhtar,Ukraine,Ucrania,119.0,90.0,19.0,,6.0
2009,66168,BTE,BATE Borisov,BATE Borisov,Belarus,Bielorrusia,117.0,102.0,14.0,1.0,6.0
2009,50051,RMA,Real Madrid,Real Madrid,Spain,España,116.0,145.0,11.0,,8.0
2009,52723,DKY,Dynamo Kyiv,Dynamo Kyiv,Ukraine,Ucrania,115.0,93.0,16.0,1.0,6.0
2009,50065,FCSB,FCSB,FCSB,Romania,Rumanía,112.0,88.0,18.0,1.0,6.0
2009,52817,FIO,Fiorentina,Fiorentina,Italy,Italia,110.0,93.0,13.0,,6.0
2009,50127,BOR,Bordeaux,Bordeaux,France,Francia,109.0,95.0,14.0,1.0,6.0
2009,52692,FEN,Fenerbahçe,Fenerbahçe,Türkiye,Turquía,106.0,91.0,17.0,1.0,6.0
2009,50062,PSV,PSV,PSV,Netherlands,Holanda,105.0,53.0,13.0,,6.0
2009,50040,BRM,Bremen,Bremen,Germany,Alemania,102.0,95.0,17.0,,6.0
2009,52897,ANO,Anorthosis,Anorthosis,Cyprus,Chipre,98.0,111.0,10.0,,6.0
2009,50050,CEL,Celtic,Celtic,Scotland,Escocia,97.0,67.0,8.0,,6.0
2009,88131,CLU,CFR Cluj,CFR Cluj,Romania,Rumanía,92.0,68.0,16.0,1.0,6.0
2009,52826,ZEN,Zenit,Zenit,Russia,Rusia,91.0,77.0,11.0,1.0,6.0
2009,59856,BSL,Basel,Basel,Switzerland,Suiza,84.0,82.0,7.0,,6.0
2009,54186,AAL,AaB,AaB,Denmark,Dinamarca,80.0,77.0,8.0,1.0,6.0
2009,52748,MAR,Marseille,Marseille,France,Francia,62.0,95.0,6.0,,6.0
2010,50138,INT,Inter,Inter,Italy,Italia,196.0,211.0,32.0,2.0,13.0
2010,5312,LYO,Lyon,Lyon,France,Francia,185.0,172.0,27.0,2.0,12.0
2010,50037,BAY,Bayern München,Bayern München,Germany,Alemania,169.0,211.0,23.0,3.0,13.0
2010,50080,BAR,Barcelona,Barcelona,Spain,España,167.0,183.0,19.0,1.0,12.0
2010,50127,BOR,Bordeaux,Bordeaux,France,Francia,156.0,164.0,12.0,1.0,10.0
2010,54266,CSM,CSKA Moskva,CSKA Moskva,Russia,Rusia,154.0,114.0,25.0,2.0,10.0
2010,52280,ARS,Arsenal,Arsenal,England,Inglaterra,147.0,158.0,19.0,,10.0
2010,52682,MUN,Man Utd,Man Utd,England,Inglaterra,139.0,115.0,15.0,2.0,10.0
2010,52914,CHE,Chelsea,Chelsea,England,Inglaterra,137.0,102.0,14.0,1.0,8.0
2010,50051,RMA,Real Madrid,Real Madrid,Spain,España,136.0,100.0,22.0,,8.0
2010,50064,POR,Porto,Porto,Portugal,Portugal,135.0,112.0,14.0,2.0,8.0
2010,52817,FIO,Fiorentina,Fiorentina,Italy,Italia,133.0,110.0,15.0,2.0,8.0
2010,50107,STU,Stuttgart,Stuttgart,Germany,Alemania,125.0,116.0,14.0,,8.0
2010,50058,MIL,Milan,Milan,Italy,Italia,117.0,157.0,17.0,,8.0
2010,59045,MHA,Maccabi Haifa,Maccabi Haifa,Israel,Israel,115.0,78.0,13.0,2.0,6.0
2010,51150,ZUR,Zürich,Zürich,Switzerland,Suiza,113.0,79.0,14.0,1.0,6.0
2010,2610,OLY,Olympiacos,Olympiacos,Greece,Grecia,112.0,137.0,18.0,2.0,8.0
2010,50139,JUV,Juventus,Juventus,Italy,Italia,111.0,107.0,10.0,,6.0
2010,52958,DEB,Debrecen,Debrecen,Hungary,Hungría,108.0,81.0,7.0,,6.0
2010,52327,AZ,AZ Alkmaar,AZ Alkmaar,Netherlands,Holanda,104.0,65.0,9.0,,6.0
2010,52723,DKY,Dynamo Kyiv,Dynamo Kyiv,Ukraine,Ucrania,98.0,95.0,15.0,,6.0
2010,52714,SEV,Sevilla,Sevilla,Spain,España,97.0,129.0,9.0,,8.0
2010,52748,MAR,Marseille,Marseille,France,Francia,96.0,105.0,14.0,2.0,6.0
2010,92507,URZ,Unirea Urziceni,Unirea Urziceni,Romania,Rumanía,94.0,99.0,15.0,,6.0
2010,52165,STD,Standard Liège,Standard Liège,Belgium,Bélgica,94.0,86.0,13.0,1.0,6.0
2010,82818,RUB,Rubin,Rubin,Russia,Rusia,94.0,81.0,12.0,,6.0
2010,50124,ATM,Atleti,Atleti,Spain,España,93.0,82.0,12.0,,6.0
2010,50121,RAN,Rangers,Rangers,Scotland,Escocia,90.0,53.0,11.0,,6.0
2010,50118,APO,APOEL,APOEL,Cyprus,Chipre,82.0,100.0,12.0,,6.0
2010,7889,LIV,Liverpool,Liverpool,England,Inglaterra,82.0,72.0,3.0,,6.0
2010,50157,BES,Beşiktaş,Beşiktaş,Türkiye,Turquía,81.0,68.0,14.0,,6.0
2010,64332,WOB,Wolfsburg,Wolfsburg,Germany,Alemania,60.0,68.0,3.0,1.0,6.0
2011,57388,SCH,Schalke,Schalke,Germany,Alemania,198.0,152.0,29.0,2.0,12.0
2011,52707,SHK,Shakhtar,Shakhtar,Ukraine,Ucrania,182.0,155.0,24.0,,10.0
2011,50051,RMA,Real Madrid,Real Madrid,Spain,España,176.0,172.0,32.0,3.0,12.0
2011,52682,MUN,Man Utd,Man Utd,England,Inglaterra,174.0,142.0,14.0,,13.0
2011,50080,BAR,Barcelona,Barcelona,Spain,España,143.0,212.0,15.0,1.0,13.0
2011,52914,CHE,Chelsea,Chelsea,England,Inglaterra,135.0,122.0,16.0,1.0,10.0
2011,52280,ARS,Arsenal,Arsenal,England,Inglaterra,132.0,102.0,16.0,2.0,8.0
2011,1652,TOT,Tottenham,Tottenham,England,Inglaterra,129.0,127.0,13.0,3.0,10.0
2011,50058,MIL,Milan,Milan,Italy,Italia,125.0,105.0,23.0,,8.0
2011,52709,CPH,Copenhagen,Copenhagen,Denmark,Dinamarca,119.0,92.0,12.0,,8.0
2011,50037,BAY,Bayern München,Bayern München,Germany,Alemania,113.0,110.0,17.0,,8.0
2011,52268,VAL,Valencia,Valencia,Spain,España,111.0,95.0,11.0,,8.0
2011,50137,ROM,Roma,Roma,Italy,Italia,109.0,120.0,16.0,1.0,8.0
2011,52748,MAR,Marseille,Marseille,France,Francia,109.0,118.0,11.0,,8.0
2011,52336,BRA,Braga,Braga,Portugal,Portugal,108.0,104.0,11.0,,6.0
2011,50138,INT,Inter,Inter,Italy,Italia,107.0,149.0,19.0,1.0,10.0
2011,5312,LYO,Lyon,Lyon,France,Francia,107.0,110.0,15.0,,8.0
2011,52818,TWE,Twente,Twente,Netherlands,Holanda,106.0,70.0,10.0,,6.0
2011,50162,PRT,Partizan,Partizan,Serbia,Serbia,105.0,99.0,11.0,1.0,6.0
2011,50147,BEN,Benfica,Benfica,Portugal,Portugal,103.0,88.0,14.0,1.0,6.0
2011,88131,CLU,CFR Cluj,CFR Cluj,Romania,Rumanía,102.0,81.0,12.0,1.0,6.0
2011,59856,BSL,Basel,Basel,Switzerland,Suiza,95.0,82.0,9.0,1.0,6.0
2011,50040,BRM,Bremen,Bremen,Germany,Alemania,94.0,87.0,9.0,1.0,6.0
2011,82818,RUB,Rubin,Rubin,Russia,Rusia,94.0,72.0,10.0,,6.0
2011,50068,SPM,Spartak Moskva,Spartak Moskva,Russia,Rusia,89.0,98.0,7.0,2.0,6.0
2011,61601,ZIL,Žilina,Žilina,Slovakia,Eslovaquia,86.0,67.0,9.0,,6.0
2011,50084,PAN,Panathinaikos,Panathinaikos,Greece,Grecia,84.0,82.0,13.0,1.0,6.0
2011,50143,AJX,Ajax,Ajax,Netherlands,Holanda,83.0,72.0,10.0,1.0,6.0
2011,52695,BUR,Bursaspor,Bursaspor,Türkiye,Turquía,79.0,70.0,9.0,,6.0
2011,59869,HTA,H. Tel Aviv,H. Tel Aviv,Israel,Israel,75.0,66.0,14.0,,6.0
2011,52269,AJA,Auxerre,Auxerre,France,Francia,74.0,78.0,10.0,2.0,6.0
2011,50121,RAN,Rangers,Rangers,Scotland,Escocia,59.0,88.0,10.0,,6.0
2012,50037,BAY,Bayern München,Bayern München,Germany,Alemania,209.0,183.0,29.0,1.0,13.0
2012,52914,CHE,Chelsea,Chelsea,England,Inglaterra,183.0,150.0,31.0,1.0,13.0
2012,52748,MAR,Marseille,Marseille,France,Francia,148.0,144.0,23.0,3.0,10.0
2012,50118,APO,APOEL,APOEL,Cyprus,Chipre,147.0,147.0,27.0,1.0,10.0
2012,50058,MIL,Milan,Milan,Italy,Italia,145.0,134.0,26.0,1.0,10.0
2012,50147,BEN,Benfica,Benfica,Portugal,Portugal,145.0,130.0,27.0,2.0,10.0
2012,50051,RMA,Real Madrid,Real Madrid,Spain,España,138.0,161.0,24.0,1.0,12.0
2012,5312,LYO,Lyon,Lyon,France,Francia,125.0,100.0,15.0,,8.0
2012,50136,NAP,Napoli,Napoli,Italy,Italia,120.0,136.0,21.0,1.0,8.0
2012,50138,INT,Inter,Inter,Italy,Italia,117.0,118.0,16.0,,8.0
2012,52826,ZEN,Zenit,Zenit,Russia,Rusia,117.0,116.0,18.0,1.0,8.0
2012,50109,LEV,Leverkusen,Leverkusen,Germany,Alemania,117.0,94.0,20.0,,8.0
2012,54266,CSM,CSKA Moskva,CSKA Moskva,Russia,Rusia,114.0,89.0,16.0,1.0,8.0
2012,50080,BAR,Barcelona,Barcelona,Spain,España,113.0,153.0,17.0,,12.0
2012,50151,OTE,Oţelul,Oţelul,Romania,Rumanía,107.0,82.0,15.0,2.0,6.0
2012,52280,ARS,Arsenal,Arsenal,England,Inglaterra,101.0,101.0,17.0,,8.0
2012,50064,POR,Porto,Porto,Portugal,Portugal,101.0,84.0,19.0,1.0,6.0
2012,2610,OLY,Olympiacos,Olympiacos,Greece,Grecia,97.0,86.0,11.0,,6.0
2012,52707,SHK,Shakhtar,Shakhtar,Ukraine,Ucrania,96.0,91.0,17.0,2.0,6.0
2012,70691,VIL,Villarreal,Villarreal,Spain,España,96.0,80.0,20.0,,6.0
2012,75797,LIL,Lille,Lille,France,Francia,94.0,91.0,15.0,,6.0
2012,52731,TRA,Trabzonspor,Trabzonspor,Türkiye,Turquía,94.0,78.0,15.0,,6.0
2012,59856,BSL,Basel,Basel,Switzerland,Suiza,91.0,115.0,18.0,1.0,8.0
2012,64388,PLZ,Viktoria Plzeň,Viktoria Plzeň,Czechia,Chequia,90.0,58.0,15.0,1.0,6.0
2012,52758,BVB,B. Dortmund,B. Dortmund,Germany,Alemania,88.0,69.0,7.0,,6.0
2012,66168,BTE,BATE Borisov,BATE Borisov,Belarus,Bielorrusia,83.0,74.0,8.0,,6.0
2012,52268,VAL,Valencia,Valencia,Spain,España,80.0,74.0,11.0,,6.0
2012,50164,DIN,GNK Dinamo,GNK Dinamo,Croatia,Croacia,77.0,84.0,18.0,1.0,6.0
2012,52919,MCI,Man City,Man City,England,Inglaterra,73.0,73.0,10.0,,6.0
2012,61582,GEN,Genk,Genk,Belgium,Bélgica,73.0,65.0,9.0,,6.0
2012,50143,AJX,Ajax,Ajax,Netherlands,Holanda,68.0,64.0,6.0,,6.0
2012,52682,MUN,Man Utd,Man Utd,England,Inglaterra,63.0,83.0,8.0,1.0,6.0
2013,50037,BAY,Bayern München,Bayern München,Germany,Alemania,173.0,184.0,30.0,1.0,13.0
2013,52758,BVB,B. Dortmund,B. Dortmund,Germany,Alemania,156.0,142.0,14.0,,13.0
2013,50067,GAL,Galatasaray,Galatasaray,Türkiye,Turquía,155.0,176.0,26.0,,10.0
2013,50051,RMA,Real Madrid,Real Madrid,Spain,España,150.0,166.0,25.0,2.0,12.0
2013,50139,JUV,Juventus,Juventus,Italy,Italia,144.0,125.0,20.0,,10.0
2013,74069,MAL,Málaga,Málaga,Spain,España,136.0,129.0,24.0,,10.0
2013,52747,PSG,Paris,Paris,France,Francia,132.0,131.0,22.0,1.0,10.0
2013,52268,VAL,Valencia,Valencia,Spain,España,128.0,118.0,21.0,2.0,8.0
2013,50064,POR,Porto,Porto,Portugal,Portugal,128.0,113.0,15.0,1.0,8.0
2013,52280,ARS,Arsenal,Arsenal,England,Inglaterra,123.0,106.0,26.0,,8.0
2013,50058,MIL,Milan,Milan,Italy,Italia,112.0,109.0,22.0,,8.0
2013,50080,BAR,Barcelona,Barcelona,Spain,España,110.0,179.0,25.0,1.0,12.0
2013,57388,SCH,Schalke,Schalke,Germany,Alemania,110.0,84.0,17.0,,8.0
2013,50050,CEL,Celtic,Celtic,Scotland,Escocia,109.0,109.0,16.0,,8.0
2013,50068,SPM,Spartak Moskva,Spartak Moskva,Russia,Rusia,109.0,53.0,19.0,3.0,6.0
2013,52707,SHK,Shakhtar,Shakhtar,Ukraine,Ucrania,105.0,98.0,15.0,,8.0
2013,88131,CLU,CFR Cluj,CFR Cluj,Romania,Rumanía,101.0,71.0,10.0,1.0,6.0
2013,66168,BTE,BATE Borisov,BATE Borisov,Belarus,Bielorrusia,99.0,80.0,18.0,1.0,6.0
2013,75797,LIL,Lille,Lille,France,Francia,98.0,88.0,20.0,2.0,6.0
2013,52826,ZEN,Zenit,Zenit,Russia,Rusia,98.0,72.0,15.0,1.0,6.0
2013,50147,BEN,Benfica,Benfica,Portugal,Portugal,95.0,77.0,16.0,,6.0
2013,52682,MUN,Man Utd,Man Utd,England,Inglaterra,92.0,93.0,12.0,1.0,8.0
2013,52336,BRA,Braga,Braga,Portugal,Portugal,92.0,83.0,12.0,1.0,6.0
2013,52723,DKY,Dynamo Kyiv,Dynamo Kyiv,Ukraine,Ucrania,84.0,91.0,13.0,,6.0
2013,50074,AND,Anderlecht,Anderlecht,Belgium,Bélgica,81.0,72.0,17.0,1.0,6.0
2013,2610,OLY,Olympiacos,Olympiacos,Greece,Grecia,79.0,83.0,13.0,,6.0
2013,50128,MON,Montpellier,Montpellier,France,Francia,75.0,77.0,15.0,1.0,6.0
2013,52919,MCI,Man City,Man City,England,Inglaterra,74.0,54.0,15.0,,6.0
2013,79940,NRS,Nordsjælland,Nordsjælland,Denmark,Dinamarca,72.0,70.0,14.0,,6.0
2013,52914,CHE,Chelsea,Chelsea,England,Inglaterra,66.0,80.0,6.0,,6.0
2013,50143,AJX,Ajax,Ajax,Netherlands,Holanda,64.0,51.0,7.0,,6.0
2013,50164,DIN,GNK Dinamo,GNK Dinamo,Croatia,Croacia,63.0,67.0,8.0,,6.0
2014,50124,ATM,Atleti,Atleti,Spain,España,214.0,185.0,34.0,,13.0
2014,52914,CHE,Chelsea,Chelsea,England,Inglaterra,183.0,171.0,25.0,,12.0
2014,52758,BVB,B. Dortmund,B. Dortmund,Germany,Alemania,153.0,125.0,19.0,1.0,10.0
2014,50037,BAY,Bayern München,Bayern München,Germany,Alemania,134.0,140.0,15.0,2.0,12.0
2014,52682,MUN,Man Utd,Man Utd,England,Inglaterra,132.0,111.0,18.0,1.0,10.0
2014,52919,MCI,Man City,Man City,England,Inglaterra,128.0,77.0,23.0,2.0,8.0
2014,50051,RMA,Real Madrid,Real Madrid,Spain,España,126.0,161.0,24.0,1.0,13.0
2014,50067,GAL,Galatasaray,Galatasaray,Türkiye,Turquía,120.0,106.0,14.0,,8.0
2014,2610,OLY,Olympiacos,Olympiacos,Greece,Grecia,119.0,130.0,21.0,,8.0
2014,52747,PSG,Paris,Paris,France,Francia,116.0,153.0,21.0,1.0,10.0
2014,50080,BAR,Barcelona,Barcelona,Spain,España,114.0,159.0,20.0,,10.0
2014,52826,ZEN,Zenit,Zenit,Russia,Rusia,109.0,138.0,16.0,1.0,8.0
2014,50058,MIL,Milan,Milan,Italy,Italia,108.0,116.0,18.0,1.0,8.0
2014,50147,BEN,Benfica,Benfica,Portugal,Portugal,106.0,83.0,11.0,,6.0
2014,50109,LEV,Leverkusen,Leverkusen,Germany,Alemania,106.0,81.0,23.0,2.0,8.0
2014,50064,POR,Porto,Porto,Portugal,Portugal,106.0,81.0,15.0,1.0,6.0
2014,50074,AND,Anderlecht,Anderlecht,Belgium,Bélgica,100.0,86.0,22.0,4.0,6.0
2014,50110,AUS,Austria Wien,Austria Wien,Austria,Austria,98.0,77.0,17.0,,6.0
2014,52280,ARS,Arsenal,Arsenal,England,Inglaterra,95.0,104.0,13.0,2.0,8.0
2014,57388,SCH,Schalke,Schalke,Germany,Alemania,94.0,88.0,18.0,,8.0
2014,52709,CPH,Copenhagen,Copenhagen,Denmark,Dinamarca,94.0,67.0,9.0,,6.0
2014,50050,CEL,Celtic,Celtic,Scotland,Escocia,93.0,55.0,14.0,2.0,6.0
2014,59856,BSL,Basel,Basel,Switzerland,Suiza,91.0,89.0,13.0,1.0,6.0
2014,64388,PLZ,Viktoria Plzeň,Viktoria Plzeň,Czechia,Chequia,91.0,49.0,12.0,,6.0
2014,50065,FCSB,FCSB,FCSB,Romania,Rumanía,90.0,78.0,13.0,,6.0
2014,52707,SHK,Shakhtar,Shakhtar,Ukraine,Ucrania,89.0,76.0,13.0,,6.0
2014,50143,AJX,Ajax,Ajax,Netherlands,Holanda,87.0,79.0,10.0,1.0,6.0
2014,50136,NAP,Napoli,Napoli,Italy,Italia,83.0,93.0,11.0,,6.0
2014,50123,RSO,Real Sociedad,Real Sociedad,Spain,España,76.0,88.0,12.0,,6.0
2014,50139,JUV,Juventus,Juventus,Italy,Italia,73.0,76.0,9.0,1.0,6.0
2014,52748,MAR,Marseille,Marseille,France,Francia,70.0,69.0,15.0,1.0,6.0
2014,54266,CSM,CSKA Moskva,CSKA Moskva,Russia,Rusia,50.0,87.0,7.0,2.0,6.0
2015,50139,JUV,Juventus,Juventus,Italy,Italia,179.0,179.0,25.0,0.0,13.0
2015,50037,BAY,Bayern München,Bayern München,Germany,Alemania,163.0,137.0,26.0,2.0,12.0
2015,50109,LEV,Leverkusen,Leverkusen,Germany,Alemania,155.0,104.0,23.0,2.0,8.0
2015,50023,MON,Monaco,Monaco,France,Francia,146.0,142.0,22.0,0.0,10.0
2015,50124,ATM,Atleti,Atleti,Spain,España,140.0,170.0,32.0,2.0,10.0
2015,50080,BAR,Barcelona,Barcelona,Spain,España,138.0,181.0,20.0,1.0,13.0
2015,50064,POR,Porto,Porto,Portugal,Portugal,138.0,168.0,21.0,1.0,10.0
2015,52747,PSG,Paris,Paris,France,Francia,126.0,127.0,14.0,1.0,10.0
2015,50051,RMA,Real Madrid,Real Madrid,Spain,España,113.0,132.0,21.0,0.0,12.0
2015,59856,BSL,Basel,Basel,Switzerland,Suiza,112.0,81.0,24.0,2.0,8.0
2015,52914,CHE,Chelsea,Chelsea,England,Inglaterra,111.0,99.0,13.0,0.0,8.0
2015,52919,MCI,Man City,Man City,England,Inglaterra,109.0,83.0,23.0,3.0,8.0
2015,52280,ARS,Arsenal,Arsenal,England,Inglaterra,103.0,86.0,14.0,1.0,8.0
2015,52826,ZEN,Zenit,Zenit,Russia,Rusia,100.0,89.0,15.0,0.0,6.0
2015,50149,SPO,Sporting CP,Sporting CP,Portugal,Portugal,97.0,72.0,17.0,1.0,6.0
2015,50152,MAL,Malmö,Malmö,Sweden,Suecia,96.0,59.0,17.0,2.0,6.0
2015,52707,SHK,Shakhtar,Shakhtar,Ukraine,Ucrania,93.0,111.0,20.0,1.0,8.0
2015,57388,SCH,Schalke,Schalke,Germany,Alemania,90.0,91.0,11.0,0.0,8.0
2015,50147,BEN,Benfica,Benfica,Portugal,Portugal,87.0,91.0,16.0,3.0,6.0
2015,50143,AJX,Ajax,Ajax,Netherlands,Holanda,86.0,60.0,16.0,1.0,6.0
2015,50125,ATH,Athletic Club,Athletic Club,Spain,España,84.0,86.0,17.0,0.0,6.0
2015,66168,BTE,BATE Borisov,BATE Borisov,Belarus,Bielorrusia,84.0,54.0,11.0,1.0,6.0
2015,2610,OLY,Olympiacos,Olympiacos,Greece,Grecia,83.0,79.0,10.0,0.0,6.0
2015,50074,AND,Anderlecht,Anderlecht,Belgium,Bélgica,83.0,69.0,10.0,0.0,6.0
2015,7889,LIV,Liverpool,Liverpool,England,Inglaterra,83.0,57.0,8.0,1.0,6.0
2015,52758,BVB,B. Dortmund,B. Dortmund,Germany,Alemania,73.0,70.0,4.0,0.0,8.0
2015,57490,MRB,Maribor,Maribor,Slovenia,Eslovenia,69.0,72.0,12.0,0.0,6.0
2015,2603104,LUD,Ludogorets,Ludogorets,Bulgaria,Bulgaria,68.0,83.0,13.0,1.0,6.0
2015,50118,APO,APOEL,APOEL,Cyprus,Chipre,65.0,61.0,9.0,1.0,6.0
2015,50067,GAL,Galatasaray,Galatasaray,Türkiye,Turquía,64.0,83.0,18.0,1.0,6.0
2015,50137,ROM,Roma,Roma,Italy,Italia,63.0,66.0,6.0,0.0,6.0
2015,54266,CSM,CSKA Moskva,CSKA Moskva,Russia,Rusia,52.0,47.0,10.0,0.0,6.0
2016,50124,ATM,Atleti,Atleti,Spain,España,157.0,168.0,23.0,1.0,13.0
2016,52919,MCI,Man City,Man City,England,Inglaterra,156.0,114.0,15.0,0.0,12.0
2016,50051,RMA,Real Madrid,Real Madrid,Spain,España,142.0,151.0,24.0,0.0,13.0
2016,50147,BEN,Benfica,Benfica,Portugal,Portugal,137.0,126.0,29.0,1.0,10.0
2016,50037,BAY,Bayern München,Bayern München,Germany,Alemania,135.0,126.0,20.0,1.0,12.0
2016,52723,DKY,Dynamo Kyiv,Dynamo Kyiv,Ukraine,Ucrania,133.0,103.0,18.0,0.0,8.0
2016,4608,GNT,Gent,Gent,Belgium,Bélgica,128.0,118.0,18.0,2.0,8.0
2016,52826,ZEN,Zenit,Zenit,Russia,Rusia,124.0,120.0,27.0,2.0,8.0
2016,52747,PSG,Paris,Paris,France,Francia,117.0,128.0,22.0,0.0,10.0
2016,52914,CHE,Chelsea,Chelsea,England,Inglaterra,114.0,127.0,15.0,0.0,8.0
2016,50080,BAR,Barcelona,Barcelona,Spain,España,108.0,141.0,23.0,0.0,10.0
2016,50139,JUV,Juventus,Juventus,Italy,Italia,106.0,117.0,14.0,1.0,8.0
2016,64332,WOB,Wolfsburg,Wolfsburg,Germany,Alemania,105.0,116.0,18.0,0.0,10.0
2016,50062,PSV,PSV,PSV,Netherlands,Holanda,100.0,68.0,22.0,2.0,8.0
2016,5312,LYO,Lyon,Lyon,France,Francia,98.0,85.0,15.0,1.0,6.0
2016,50137,ROM,Roma,Roma,Italy,Italia,89.0,87.0,10.0,0.0,8.0
2016,52268,VAL,Valencia,Valencia,Spain,España,88.0,104.0,18.0,1.0,6.0
2016,50064,POR,Porto,Porto,Portugal,Portugal,87.0,88.0,13.0,0.0,6.0
2016,50109,LEV,Leverkusen,Leverkusen,Germany,Alemania,86.0,65.0,12.0,1.0,6.0
2016,52280,ARS,Arsenal,Arsenal,England,Inglaterra,85.0,76.0,17.0,1.0,8.0
2016,66168,BTE,BATE Borisov,BATE Borisov,Belarus,Bielorrusia,82.0,57.0,18.0,0.0,6.0
2016,57477,MTA,M. Tel-Aviv,M. Tel-Aviv,Israel,Israel,80.0,72.0,14.0,1.0,6.0
2016,52757,MON,Mönchengladbach,Mönchengladbach,Germany,Alemania,78.0,45.0,11.0,0.0,6.0
2016,2600605,AST,Astana,Astana,Kazakhstan,Kazajstán,77.0,57.0,12.0,0.0,6.0
2016,52682,MUN,Man Utd,Man Utd,England,Inglaterra,76.0,56.0,11.0,0.0,6.0
2016,50164,DIN,GNK Dinamo,GNK Dinamo,Croatia,Croacia,72.0,53.0,15.0,1.0,6.0
2016,50067,GAL,Galatasaray,Galatasaray,Türkiye,Turquía,71.0,68.0,13.0,0.0,6.0
2016,50152,MAL,Malmö,Malmö,Sweden,Suecia,71.0,53.0,14.0,2.0,6.0
2016,52707,SHK,Shakhtar,Shakhtar,Ukraine,Ucrania,68.0,77.0,17.0,1.0,6.0
2016,2610,OLY,Olympiacos,Olympiacos,Greece,Grecia,65.0,69.0,12.0,0.0,6.0
2016,52714,SEV,Sevilla,Sevilla,Spain,España,55.0,70.0,7.0,0.0,6.0
2016,54266,CSM,CSKA Moskva,CSKA Moskva,Russia,Rusia,53.0,63.0,10.0,0.0,6.0
2017,50139,JUV,Juventus,Juventus,Italy,Italia,190.0,182.0,31.0,2.0,13.0
2017,50023,MON,Monaco,Monaco,France,Francia,143.0,140.0,28.0,0.0,12.0
2017,50051,RMA,Real Madrid,Real Madrid,Spain,España,130.0,191.0,19.0,0.0,13.0
2017,50147,BEN,Benfica,Benfica,Portugal,Portugal,126.0,83.0,13.0,0.0,8.0
2017,50080,BAR,Barcelona,Barcelona,Spain,España,123.0,135.0,27.0,1.0,10.0
2017,50124,ATM,Atleti,Atleti,Spain,España,122.0,126.0,21.0,0.0,12.0
2017,50037,BAY,Bayern München,Bayern München,Germany,Alemania,119.0,89.0,20.0,2.0,10.0
2017,53577,LEI,Leicester,Leicester,England,Inglaterra,119.0,77.0,19.0,0.0,10.0
2017,50136,NAP,Napoli,Napoli,Italy,Italia,110.0,94.0,10.0,0.0,8.0
2017,52758,BVB,B. Dortmund,B. Dortmund,Germany,Alemania,109.0,118.0,19.0,0.0,10.0
2017,59856,BSL,Basel,Basel,Switzerland,Suiza,109.0,67.0,13.0,1.0,6.0
2017,52747,PSG,Paris,Paris,France,Francia,104.0,102.0,17.0,1.0,8.0
2017,52280,ARS,Arsenal,Arsenal,England,Inglaterra,99.0,73.0,15.0,2.0,8.0
2017,50109,LEV,Leverkusen,Leverkusen,Germany,Alemania,98.0,94.0,16.0,0.0,8.0
2017,52714,SEV,Sevilla,Sevilla,Spain,España,97.0,109.0,19.0,2.0,8.0
2017,5312,LYO,Lyon,Lyon,France,Francia,94.0,58.0,14.0,0.0,6.0
2017,52919,MCI,Man City,Man City,England,Inglaterra,92.0,105.0,16.0,2.0,8.0
2017,50064,POR,Porto,Porto,Portugal,Portugal,90.0,110.0,17.0,2.0,8.0
2017,52723,DKY,Dynamo Kyiv,Dynamo Kyiv,Ukraine,Ucrania,88.0,91.0,15.0,1.0,6.0
2017,50149,SPO,Sporting CP,Sporting CP,Portugal,Portugal,82.0,61.0,16.0,2.0,6.0
2017,50043,BRU,Club Brugge,Club Brugge,Belgium,Bélgica,75.0,64.0,14.0,0.0,6.0
2017,50157,BES,Beşiktaş,Beşiktaş,Türkiye,Turquía,73.0,86.0,15.0,2.0,6.0
2017,54266,CSM,CSKA Moskva,CSKA Moskva,Russia,Rusia,72.0,50.0,7.0,0.0,6.0
2017,2603104,LUD,Ludogorets,Ludogorets,Bulgaria,Bulgaria,71.0,111.0,9.0,0.0,6.0
2017,1652,TOT,Tottenham,Tottenham,England,Inglaterra,71.0,58.0,6.0,0.0,6.0
2017,50146,LEG,Legia Warszawa,Legia Warszawa,Poland,Polonia,69.0,66.0,15.0,0.0,6.0
2017,50164,DIN,GNK Dinamo,GNK Dinamo,Croatia,Croacia,66.0,67.0,13.0,1.0,6.0
2017,64500,ROS,Rostov,Rostov,Russia,Rusia,66.0,55.0,10.0,0.0,6.0
2017,52709,CPH,Copenhagen,Copenhagen,Denmark,Dinamarca,65.0,69.0,9.0,1.0,6.0
2017,50050,CEL,Celtic,Celtic,Scotland,Escocia,60.0,49.0,8.0,0.0,6.0
2017,52757,MON,Mönchengladbach,Mönchengladbach,Germany,Alemania,58.0,54.0,10.0,2.0,6.0
2017,50062,PSV,PSV,PSV,Netherlands,Holanda,53.0,46.0,6.0,0.0,6.0
2018,7889,LIV,Liverpool,Liverpool,England,Inglaterra,157.0,109.0,22.0,1.0,13.0
2018,50139,JUV,Juventus,Juventus,Italy,Italia,144.0,130.0,27.0,2.0,10.0
2018,50037,BAY,Bayern München,Bayern München,Germany,Alemania,137.0,130.0,23.0,0.0,12.0
2018,50051,RMA,Real Madrid,Real Madrid,Spain,España,131.0,150.0,21.0,0.0,13.0
2018,1652,TOT,Tottenham,Tottenham,England,Inglaterra,116.0,76.0,13.0,1.0,8.0
2018,50137,ROM,Roma,Roma,Italy,Italia,114.0,134.0,17.0,1.0,12.0
2018,50064,POR,Porto,Porto,Portugal,Portugal,111.0,94.0,14.0,1.0,8.0
2018,50080,BAR,Barcelona,Barcelona,Spain,España,103.0,135.0,19.0,1.0,10.0
2018,50157,BES,Beşiktaş,Beşiktaş,Türkiye,Turquía,102.0,116.0,20.0,1.0,8.0
2018,59856,BSL,Basel,Basel,Switzerland,Suiza,101.0,80.0,14.0,0.0,8.0
2018,52714,SEV,Sevilla,Sevilla,Spain,España,99.0,118.0,19.0,1.0,10.0
2018,52682,MUN,Man Utd,Man Utd,England,Inglaterra,98.0,82.0,10.0,0.0,8.0
2018,50149,SPO,Sporting CP,Sporting CP,Portugal,Portugal,95.0,80.0,19.0,0.0,6.0
2018,52914,CHE,Chelsea,Chelsea,England,Inglaterra,94.0,72.0,10.0,0.0,8.0
2018,52919,MCI,Man City,Man City,England,Inglaterra,92.0,90.0,19.0,0.0,10.0
2018,52749,FEY,Feyenoord,Feyenoord,Netherlands,Holanda,90.0,70.0,17.0,1.0,6.0
2018,2603790,RBL,Leipzig,Leipzig,Germany,Alemania,87.0,83.0,11.0,1.0,6.0
2018,50023,MON,Monaco,Monaco,France,Francia,87.0,76.0,14.0,1.0,6.0
2018,2610,OLY,Olympiacos,Olympiacos,Greece,Grecia,87.0,70.0,15.0,0.0,6.0
2018,52707,SHK,Shakhtar,Shakhtar,Ukraine,Ucrania,85.0,98.0,17.0,2.0,8.0
2018,52747,PSG,Paris,Paris,France,Francia,81.0,91.0,13.0,1.0,8.0
2018,50124,ATM,Atleti,Atleti,Spain,España,80.0,70.0,7.0,1.0,6.0
2018,54266,CSM,CSKA Moskva,CSKA Moskva,Russia,Rusia,79.0,63.0,13.0,0.0,6.0
2018,60609,QAR,Qarabağ,Qarabağ,Azerbaijan,Azerbaiyán,72.0,59.0,14.0,3.0,6.0
2018,50136,NAP,Napoli,Napoli,Italy,Italia,70.0,75.0,13.0,0.0,6.0
2018,50074,AND,Anderlecht,Anderlecht,Belgium,Bélgica,69.0,59.0,6.0,1.0,6.0
2018,50068,SPM,Spartak Moskva,Spartak Moskva,Russia,Rusia,67.0,63.0,12.0,0.0,6.0
2018,50147,BEN,Benfica,Benfica,Portugal,Portugal,65.0,82.0,13.0,2.0,6.0
2018,50118,APO,APOEL,APOEL,Cyprus,Chipre,63.0,68.0,13.0,0.0,6.0
2018,57490,MRB,Maribor,Maribor,Slovenia,Eslovenia,61.0,58.0,9.0,0.0,6.0
2018,52758,BVB,B. Dortmund,B. Dortmund,Germany,Alemania,53.0,61.0,10.0,0.0,6.0
2018,50050,CEL,Celtic,Celtic,Scotland,Escocia,51.0,48.0,6.0,0.0,6.0
2019,1652,TOT,Tottenham,Tottenham,England,Inglaterra,167.0,122.0,23.0,1.0,13.0
2019,50143,AJX,Ajax,Ajax,Netherlands,Holanda,164.0,156.0,28.0,1.0,12.0
2019,7889,LIV,Liverpool,Liverpool,England,Inglaterra,157.0,125.0,21.0,0.0,13.0
2019,52682,MUN,Man Utd,Man Utd,England,Inglaterra,155.0,109.0,21.0,1.0,10.0
2019,50064,POR,Porto,Porto,Portugal,Portugal,149.0,139.0,20.0,0.0,10.0
2019,50139,JUV,Juventus,Juventus,Italy,Italia,126.0,142.0,16.0,1.0,10.0
2019,50080,BAR,Barcelona,Barcelona,Spain,España,123.0,177.0,21.0,1.0,12.0
2019,52919,MCI,Man City,Man City,England,Inglaterra,120.0,88.0,16.0,1.0,10.0
2019,50031,YB,Young Boys,Young Boys,Switzerland,Suiza,109.0,62.0,16.0,2.0,6.0
2019,57388,SCH,Schalke,Schalke,Germany,Alemania,103.0,94.0,17.0,0.0,8.0
2019,50137,ROM,Roma,Roma,Italy,Italia,100.0,92.0,13.0,1.0,8.0
2019,50124,ATM,Atleti,Atleti,Spain,España,92.0,85.0,24.0,1.0,8.0
2019,53065,LMO,Lokomotiv Moskva,Lokomotiv Moskva,Russia,Rusia,91.0,80.0,16.0,1.0,6.0
2019,52747,PSG,Paris,Paris,France,Francia,87.0,121.0,18.0,0.0,8.0
2019,50037,BAY,Bayern München,Bayern München,Germany,Alemania,87.0,91.0,12.0,1.0,8.0
2019,50069,ZVE,Crvena Zvezda,Crvena Zvezda,Serbia,Serbia,87.0,60.0,17.0,0.0,6.0
2019,50067,GAL,Galatasaray,Galatasaray,Türkiye,Turquía,85.0,92.0,15.0,1.0,6.0
2019,50138,INT,Inter,Inter,Italy,Italia,85.0,73.0,15.0,0.0,6.0
2019,54266,CSM,CSKA Moskva,CSKA Moskva,Russia,Rusia,84.0,66.0,16.0,2.0,6.0
2019,5312,LYO,Lyon,Lyon,France,Francia,83.0,99.0,13.0,0.0,8.0
2019,50062,PSV,PSV,PSV,Netherlands,Holanda,82.0,73.0,14.0,0.0,6.0
2019,2600431,HOF,Hoffenheim,Hoffenheim,Germany,Alemania,82.0,58.0,15.0,2.0,6.0
2019,52268,VAL,Valencia,Valencia,Spain,España,81.0,107.0,20.0,0.0,6.0
2019,50129,AEK,AEK Athens,AEK Athens,Greece,Grecia,81.0,59.0,15.0,2.0,6.0
2019,50051,RMA,Real Madrid,Real Madrid,Spain,España,80.0,81.0,14.0,1.0,8.0
2019,64388,PLZ,Viktoria Plzeň,Viktoria Plzeň,Czechia,Chequia,74.0,73.0,10.0,0.0,6.0
2019,50147,BEN,Benfica,Benfica,Portugal,Portugal,73.0,79.0,15.0,1.0,6.0
2019,50023,MON,Monaco,Monaco,France,Francia,68.0,70.0,13.0,0.0,6.0
2019,50136,NAP,Napoli,Napoli,Italy,Italia,67.0,70.0,13.0,0.0,6.0
2019,50043,BRU,Club Brugge,Club Brugge,Belgium,Bélgica,61.0,47.0,8.0,0.0,6.0
2019,52758,BVB,B. Dortmund,B. Dortmund,Germany,Alemania,58.0,66.0,11.0,0.0,8.0
2019,52707,SHK,Shakhtar,Shakhtar,Ukraine,Ucrania,55.0,77.0,10.0,0.0,6.0
2020,52816,ATA,Atalanta,Atalanta,Italy,Italia,152.0,107.0,25.0,0.0,9.0
2020,2603790,RBL,Leipzig,Leipzig,Germany,Alemania,151.0,96.0,22.0,0.0,10.0
2020,52747,PSG,Paris,Paris,France,Francia,136.0,192.0,30.0,0.0,11.0
2020,50037,BAY,Bayern München,Bayern München,Germany,Alemania,133.0,104.0,13.0,0.0,11.0
2020,5312,LYO,Lyon,Lyon,France,Francia,124.0,109.0,23.0,0.0,10.0
2020,50124,ATM,Atleti,Atleti,Spain,España,112.0,122.0,16.0,0.0,9.0
2020,50080,BAR,Barcelona,Barcelona,Spain,España,102.0,122.0,25.0,1.0,9.0
2020,52919,MCI,Man City,Man City,England,Inglaterra,101.0,85.0,16.0,2.0,9.0
2020,52914,CHE,Chelsea,Chelsea,England,Inglaterra,101.0,80.0,14.0,1.0,8.0
2020,1652,TOT,Tottenham,Tottenham,England,Inglaterra,96.0,97.0,14.0,0.0,8.0
2020,50067,GAL,Galatasaray,Galatasaray,Türkiye,Turquía,94.0,74.0,21.0,0.0,6.0
2020,50043,BRU,Club Brugge,Club Brugge,Belgium,Bélgica,94.0,58.0,18.0,3.0,6.0
2020,52758,BVB,B. Dortmund,B. Dortmund,Germany,Alemania,93.0,78.0,14.0,2.0,8.0
2020,50143,AJX,Ajax,Ajax,Netherlands,Holanda,93.0,61.0,20.0,2.0,6.0
2020,52498,SLA,Slavia Praha,Slavia Praha,Czechia,Chequia,93.0,61.0,16.0,0.0,6.0
2020,50030,SAL,Salzburg,Salzburg,Austria,Austria,93.0,34.0,10.0,0.0,6.0
2020,50109,LEV,Leverkusen,Leverkusen,Germany,Alemania,92.0,64.0,7.0,1.0,6.0
2020,50164,DIN,GNK Dinamo,GNK Dinamo,Croatia,Croacia,91.0,59.0,18.0,1.0,6.0
2020,7889,LIV,Liverpool,Liverpool,England,Inglaterra,90.0,65.0,11.0,0.0,8.0
2020,50139,JUV,Juventus,Juventus,Italy,Italia,85.0,117.0,11.0,0.0,8.0
2020,75797,LIL,Lille,Lille,France,Francia,85.0,56.0,15.0,0.0,6.0
2020,53065,LMO,Lokomotiv Moskva,Lokomotiv Moskva,Russia,Rusia,83.0,77.0,12.0,0.0,6.0
2020,50138,INT,Inter,Inter,Italy,Italia,78.0,87.0,19.0,0.0,6.0
2020,52268,VAL,Valencia,Valencia,Spain,España,75.0,145.0,19.0,2.0,8.0
2020,2610,OLY,Olympiacos,Olympiacos,Greece,Grecia,75.0,72.0,16.0,1.0,6.0
2020,50136,NAP,Napoli,Napoli,Italy,Italia,73.0,94.0,14.0,0.0,8.0
2020,50051,RMA,Real Madrid,Real Madrid,Spain,España,70.0,90.0,13.0,1.0,8.0
2020,52826,ZEN,Zenit,Zenit,Russia,Rusia,63.0,53.0,17.0,1.0,6.0
2020,50069,ZVE,Crvena Zvezda,Crvena Zvezda,Serbia,Serbia,62.0,70.0,14.0,0.0,6.0
2020,50147,BEN,Benfica,Benfica,Portugal,Portugal,62.0,69.0,9.0,0.0,6.0
2020,52707,SHK,Shakhtar,Shakhtar,Ukraine,Ucrania,53.0,99.0,11.0,2.0,6.0
2020,61582,GEN,Genk,Genk,Belgium,Bélgica,47.0,75.0,10.0,0.0,6.0
2021,52914,CHE,Chelsea,Chelsea,England,Inglaterra,182.0,140.0,20.0,0.0,13.0
2021,50037,BAY,Bayern München,Bayern München,Germany,Alemania,137.0,101.0,20.0,1.0,10.0
2021,50064,POR,Porto,Porto,Portugal,Portugal,132.0,154.0,25.0,2.0,10.0
2021,52919,MCI,Man City,Man City,England,Inglaterra,132.0,102.0,18.0,0.0,13.0
2021,2603790,RBL,Leipzig,Leipzig,Germany,Alemania,130.0,106.0,21.0,0.0,8.0
2021,52747,PSG,Paris,Paris,France,Francia,128.0,174.0,31.0,4.0,12.0
2021,50051,RMA,Real Madrid,Real Madrid,Spain,España,125.0,138.0,24.0,0.0,12.0
2021,7889,LIV,Liverpool,Liverpool,England,Inglaterra,124.0,83.0,18.0,0.0,10.0
2021,50139,JUV,Juventus,Juventus,Italy,Italia,118.0,95.0,22.0,1.0,8.0
2021,52757,MON,Mönchengladbach,Mönchengladbach,Germany,Alemania,104.0,69.0,13.0,0.0,8.0
2021,55031,REN,Rennes,Rennes,France,Francia,103.0,58.0,17.0,1.0,6.0
2021,52758,BVB,B. Dortmund,B. Dortmund,Germany,Alemania,99.0,91.0,9.0,0.0,10.0
2021,50124,ATM,Atleti,Atleti,Spain,España,94.0,96.0,19.0,1.0,8.0
2021,52816,ATA,Atalanta,Atalanta,Italy,Italia,93.0,107.0,11.0,1.0,8.0
2021,50030,SAL,Salzburg,Salzburg,Austria,Austria,89.0,74.0,11.0,0.0,6.0
2021,50143,AJX,Ajax,Ajax,Netherlands,Holanda,88.0,70.0,11.0,1.0,6.0
2021,52714,SEV,Sevilla,Sevilla,Spain,España,87.0,113.0,21.0,1.0,8.0
2021,50080,BAR,Barcelona,Barcelona,Spain,España,82.0,93.0,12.0,1.0,8.0
2021,52682,MUN,Man Utd,Man Utd,England,Inglaterra,82.0,74.0,13.0,1.0,6.0
2021,50043,BRU,Club Brugge,Club Brugge,Belgium,Bélgica,77.0,66.0,11.0,1.0,6.0
2021,50138,INT,Inter,Inter,Italy,Italia,77.0,57.0,24.0,1.0,6.0
2021,52973,LAZ,Lazio,Lazio,Italy,Italia,76.0,97.0,24.0,0.0,8.0
2021,52298,FER,Ferencváros,Ferencváros,Hungary,Hungría,76.0,72.0,16.0,0.0,6.0
2021,52748,MAR,Marseille,Marseille,France,Francia,75.0,67.0,15.0,1.0,6.0
2021,75795,MID,Midtjylland,Midtjylland,Denmark,Dinamarca,72.0,75.0,12.0,1.0,6.0
2021,2610,OLY,Olympiacos,Olympiacos,Greece,Grecia,71.0,66.0,12.0,1.0,6.0
2021,2600288,IST,Başakşehir,Başakşehir,Türkiye,Turquía,71.0,65.0,19.0,0.0,6.0
2021,2601038,KRA,Krasnodar,Krasnodar,Russia,Rusia,70.0,94.0,10.0,0.0,6.0
2021,52826,ZEN,Zenit,Zenit,Russia,Rusia,69.0,53.0,13.0,0.0,6.0
2021,53065,LMO,Lokomotiv Moskva,Lokomotiv Moskva,Russia,Rusia,67.0,87.0,14.0,0.0,6.0
2021,52723,DKY,Dynamo Kyiv,Dynamo Kyiv,Ukraine,Ucrania,66.0,65.0,9.0,1.0,6.0
2021,52707,SHK,Shakhtar,Shakhtar,Ukraine,Ucrania,52.0,79.0,8.0,0.0,6.0
2022,7889,LIV,Liverpool,Liverpool,England,Inglaterra,151.0,122.0,15.0,0.0,13.0
2022,52914,CHE,Chelsea,Chelsea,England,Inglaterra,134.0,92.0,15.0,0.0,10.0
2022,50030,SAL,Salzburg,Salzburg,Austria,Austria,129.0,89.0,16.0,0.0,8.0
2022,50124,ATM,Atleti,Atleti,Spain,España,128.0,113.0,25.0,4.0,10.0
2022,52919,MCI,Man City,Man City,England,Inglaterra,126.0,119.0,23.0,1.0,12.0
2022,50051,RMA,Real Madrid,Real Madrid,Spain,España,120.0,153.0,26.0,0.0,13.0
2022,50143,AJX,Ajax,Ajax,Netherlands,Holanda,117.0,78.0,15.0,0.0,8.0
2022,70691,VIL,Villarreal,Villarreal,Spain,España,115.0,115.0,26.0,2.0,12.0
2022,50037,BAY,Bayern München,Bayern München,Germany,Alemania,115.0,94.0,12.0,0.0,10.0
2022,50147,BEN,Benfica,Benfica,Portugal,Portugal,110.0,127.0,20.0,0.0,10.0
2022,2603790,RBL,Leipzig,Leipzig,Germany,Alemania,97.0,65.0,14.0,1.0,6.0
2022,75797,LIL,Lille,Lille,France,Francia,89.0,113.0,26.0,0.0,8.0
2022,50064,POR,Porto,Porto,Portugal,Portugal,89.0,74.0,17.0,3.0,6.0
2022,64332,WOB,Wolfsburg,Wolfsburg,Germany,Alemania,88.0,67.0,26.0,2.0,6.0
2022,50031,YB,Young Boys,Young Boys,Switzerland,Suiza,87.0,44.0,11.0,0.0,6.0
2022,50138,INT,Inter,Inter,Italy,Italia,86.0,78.0,12.0,2.0,8.0
2022,50149,SPO,Sporting CP,Sporting CP,Portugal,Portugal,85.0,115.0,21.0,0.0,8.0
2022,50080,BAR,Barcelona,Barcelona,Spain,España,83.0,66.0,13.0,1.0,6.0
2022,52682,MUN,Man Utd,Man Utd,England,Inglaterra,80.0,97.0,17.0,1.0,8.0
2022,50139,JUV,Juventus,Juventus,Italy,Italia,79.0,85.0,10.0,0.0,8.0
2022,52714,SEV,Sevilla,Sevilla,Spain,España,77.0,91.0,21.0,2.0,6.0
2022,52747,PSG,Paris,Paris,France,Francia,76.0,106.0,21.0,0.0,8.0
2022,50152,MAL,Malmö,Malmö,Sweden,Suecia,74.0,65.0,15.0,1.0,6.0
2022,50058,MIL,Milan,Milan,Italy,Italia,73.0,84.0,18.0,1.0,6.0
2022,52816,ATA,Atalanta,Atalanta,Italy,Italia,68.0,74.0,9.0,0.0,6.0
2022,52707,SHK,Shakhtar,Shakhtar,Ukraine,Ucrania,64.0,54.0,7.0,0.0,6.0
2022,69606,SHE,Sheriff,Sheriff,Moldova,Moldavia,64.0,50.0,13.0,0.0,6.0
2022,52758,BVB,B. Dortmund,B. Dortmund,Germany,Alemania,64.0,46.0,9.0,2.0,6.0
2022,50157,BES,Beşiktaş,Beşiktaş,Türkiye,Turquía,63.0,69.0,16.0,2.0,6.0
2022,50043,BRU,Club Brugge,Club Brugge,Belgium,Bélgica,62.0,57.0,11.0,0.0,6.0
2022,52723,DKY,Dynamo Kyiv,Dynamo Kyiv,Ukraine,Ucrania,54.0,81.0,10.0,0.0,6.0
2022,52826,ZEN,Zenit,Zenit,Russia,Rusia,50.0,65.0,9.0,1.0,6.0
2023,50058,MIL,Milan,Milan,Italy,Italia,168.0,149.0,30.0,1.0,12.0
2023,50138,INT,Inter,Inter,Italy,Italia,167.0,148.0,28.0,1.0,13.0
2023,52914,CHE,Chelsea,Chelsea,England,Inglaterra,137.0,121.0,25.0,1.0,10.0
2023,52919,MCI,Man City,Man City,England,Inglaterra,125.0,121.0,22.0,1.0,13.0
2023,50037,BAY,Bayern München,Bayern München,Germany,Alemania,121.0,94.0,23.0,2.0,10.0
2023,50136,NAP,Napoli,Napoli,Italy,Italia,110.0,132.0,20.0,1.0,10.0
2023,50072,FRA,Frankfurt,Frankfurt,Germany,Alemania,109.0,88.0,18.0,2.0,8.0
2023,50147,BEN,Benfica,Benfica,Portugal,Portugal,103.0,89.0,19.0,0.0,10.0
2023,1652,TOT,Tottenham,Tottenham,England,Inglaterra,102.0,86.0,22.0,2.0,8.0
2023,50051,RMA,Real Madrid,Real Madrid,Spain,España,99.0,127.0,15.0,0.0,12.0
2023,7889,LIV,Liverpool,Liverpool,England,Inglaterra,93.0,60.0,11.0,0.0,8.0
2023,50064,POR,Porto,Porto,Portugal,Portugal,91.0,102.0,25.0,3.0,8.0
2023,50109,LEV,Leverkusen,Leverkusen,Germany,Alemania,80.0,50.0,19.0,1.0,6.0
2023,50143,AJX,Ajax,Ajax,Netherlands,Holanda,78.0,48.0,15.0,1.0,6.0
2023,50030,SAL,Salzburg,Salzburg,Austria,Austria,77.0,50.0,11.0,0.0,6.0
2023,59045,MHA,Maccabi Haifa,Maccabi Haifa,Israel,Israel,77.0,46.0,14.0,0.0,6.0
2023,52758,BVB,B. Dortmund,B. Dortmund,Germany,Alemania,74.0,79.0,17.0,0.0,8.0
2023,50043,BRU,Club Brugge,Club Brugge,Belgium,Bélgica,72.0,67.0,27.0,1.0,8.0
2023,52709,CPH,Copenhagen,Copenhagen,Denmark,Dinamarca,71.0,42.0,12.0,1.0,6.0
2023,2603790,RBL,Leipzig,Leipzig,Germany,Alemania,68.0,75.0,8.0,0.0,8.0
2023,50139,JUV,Juventus,Juventus,Italy,Italia,68.0,67.0,14.0,0.0,6.0
2023,50149,SPO,Sporting CP,Sporting CP,Portugal,Portugal,67.0,73.0,17.0,3.0,6.0
2023,52748,MAR,Marseille,Marseille,France,Francia,66.0,81.0,11.0,1.0,6.0
2023,52707,SHK,Shakhtar,Shakhtar,Ukraine,Ucrania,65.0,47.0,16.0,0.0,6.0
2023,52747,PSG,Paris,Paris,France,Francia,64.0,114.0,14.0,0.0,8.0
2023,50164,DIN,GNK Dinamo,GNK Dinamo,Croatia,Croacia,61.0,75.0,13.0,0.0,6.0
2023,64388,PLZ,Viktoria Plzeň,Viktoria Plzeň,Czechia,Chequia,59.0,52.0,12.0,1.0,6.0
2023,50080,BAR,Barcelona,Barcelona,Spain,España,57.0,70.0,10.0,0.0,6.0
2023,52714,SEV,Sevilla,Sevilla,Spain,España,56.0,75.0,13.0,0.0,6.0
2023,50124,ATM,Atleti,Atleti,Spain,España,56.0,60.0,13.0,0.0,6.0
2023,50121,RAN,Rangers,Rangers,Scotland,Escocia,50.0,55.0,10.0,1.0,6.0
2023,50050,CEL,Celtic,Celtic,Scotland,Escocia,50.0,37.0,7.0,0.0,6.0
2024,52747,PSG,Paris,Paris,France,Francia,134.0,126.0,30.0,0.0,12.0
2024,52758,BVB,B. Dortmund,B. Dortmund,Germany,Alemania,134.0,117.0,23.0,0.0,13.0
2024,50051,RMA,Real Madrid,Real Madrid,Spain,España,130.0,132.0,22.0,0.0,13.0
2024,52280,ARS,Arsenal,Arsenal,England,Inglaterra,129.0,109.0,14.0,0.0,10.0
2024,50123,RSO,Real Sociedad,Real Sociedad,Spain,España,126.0,71.0,18.0,0.0,8.0
2024,50037,BAY,Bayern München,Bayern München,Germany,Alemania,122.0,121.0,16.0,1.0,12.0
2024,50124,ATM,Atleti,Atleti,Spain,España,115.0,86.0,26.0,1.0,10.0
2024,50080,BAR,Barcelona,Barcelona,Spain,España,104.0,117.0,31.0,3.0,10.0
2024,50064,POR,Porto,Porto,Portugal,Portugal,94.0,118.0,17.0,0.0,8.0
2024,50136,NAP,Napoli,Napoli,Italy,Italia,93.0,96.0,14.0,0.0,8.0
2024,50031,YB,Young Boys,Young Boys,Switzerland,Suiza,87.0,49.0,15.0,1.0,6.0
2024,2603790,RBL,Leipzig,Leipzig,Germany,Alemania,86.0,98.0,19.0,0.0,8.0
2024,50062,PSV,PSV,PSV,Netherlands,Holanda,86.0,81.0,13.0,0.0,8.0
2024,50138,INT,Inter,Inter,Italy,Italia,84.0,114.0,18.0,0.0,8.0
2024,52973,LAZ,Lazio,Lazio,Italy,Italia,83.0,92.0,25.0,0.0,8.0
2024,50069,ZVE,Crvena Zvezda,Crvena Zvezda,Serbia,Serbia,82.0,58.0,21.0,0.0,6.0
2024,77977,UBE,Union Berlin,Union Berlin,Germany,Alemania,81.0,51.0,16.0,0.0,6.0
2024,50030,SAL,Salzburg,Salzburg,Austria,Austria,79.0,54.0,18.0,0.0,6.0
2024,52709,CPH,Copenhagen,Copenhagen,Denmark,Dinamarca,79.0,52.0,19.0,2.0,8.0
2024,52277,LEN,Lens,Lens,France,Francia,75.0,83.0,25.0,1.0,6.0
2024,52714,SEV,Sevilla,Sevilla,Spain,España,75.0,67.0,16.0,2.0,6.0
2024,52919,MCI,Man City,Man City,England,Inglaterra,74.0,125.0,10.0,0.0,10.0
2024,52749,FEY,Feyenoord,Feyenoord,Netherlands,Holanda,73.0,48.0,14.0,0.0,6.0
2024,50067,GAL,Galatasaray,Galatasaray,Türkiye,Turquía,72.0,71.0,15.0,0.0,6.0
2024,50058,MIL,Milan,Milan,Italy,Italia,71.0,74.0,17.0,0.0,6.0
2024,52707,SHK,Shakhtar,Shakhtar,Ukraine,Ucrania,71.0,55.0,15.0,0.0,6.0
2024,59324,NEW,Newcastle,Newcastle,England,Inglaterra,67.0,80.0,11.0,0.0,6.0
2024,52682,MUN,Man Utd,Man Utd,England,Inglaterra,65.0,57.0,13.0,2.0,6.0
2024,52336,BRA,Braga,Braga,Portugal,Portugal,62.0,66.0,11.0,1.0,6.0
2024,50113,ANT,Antwerp,Antwerp,Belgium,Bélgica,59.0,43.0,15.0,2.0,6.0
2024,50050,CEL,Celtic,Celtic,Scotland,Escocia,51.0,71.0,16.0,3.0,6.0
2024,50147,BEN,Benfica,Benfica,Portugal,Portugal,49.0,75.0,10.0,2.0,6.0
2025,52758,BVB,B. Dortmund,B. Dortmund,Germany,Alemania,171.0,130.0,24.0,0.0,14.0
2025,50051,RMA,Real Madrid,Real Madrid,Spain,España,162.0,149.0,38.0,2.0,14.0
2025,52280,ARS,Arsenal,Arsenal,England,Inglaterra,157.0,135.0,28.0,0.0,14.0
2025,52747,PSG,Paris,Paris,France,Francia,155.0,171.0,19.0,1.0,17.0
2025,50138,INT,Inter,Inter,Italy,Italia,144.0,169.0,36.0,0.0,15.0
2025,50037,BAY,Bayern München,Bayern München,Germany,Alemania,135.0,127.0,22.0,1.0,14.0
2025,50147,BEN,Benfica,Benfica,Portugal,Portugal,130.0,104.0,28.0,1.0,12.0
2025,50062,PSV,PSV,PSV,Netherlands,Holanda,126.0,117.0,24.0,1.0,12.0
2025,50080,BAR,Barcelona,Barcelona,Spain,España,125.0,161.0,16.0,2.0,14.0
2025,52683,AVL,Aston Villa,Aston Villa,England,Inglaterra,123.0,125.0,20.0,0.0,12.0
2025,52749,FEY,Feyenoord,Feyenoord,Netherlands,Holanda,120.0,108.0,18.0,2.0,12.0
2025,50109,LEV,Leverkusen,Leverkusen,Germany,Alemania,119.0,83.0,27.0,2.0,10.0
2025,50023,MON,Monaco,Monaco,France,Francia,118.0,124.0,23.0,3.0,10.0
2025,50031,YB,Young Boys,Young Boys,Switzerland,Suiza,116.0,76.0,24.0,0.0,8.0
2025,52969,BOL,Bologna,Bologna,Italy,Italia,115.0,104.0,30.0,0.0,8.0
2025,2602798,GIR,Girona,Girona,Spain,España,115.0,94.0,25.0,1.0,8.0
2025,50139,JUV,Juventus,Juventus,Italy,Italia,115.0,88.0,15.0,2.0,10.0
2025,2601306,BRE,Brest,Brest,France,Francia,113.0,116.0,21.0,0.0,10.0
2025,7889,LIV,Liverpool,Liverpool,England,Inglaterra,108.0,82.0,19.0,1.0,10.0
2025,50058,MIL,Milan,Milan,Italy,Italia,107.0,113.0,31.0,2.0,10.0
2025,50149,SPO,Sporting CP,Sporting CP,Portugal,Portugal,105.0,146.0,17.0,0.0,10.0
2025,50111,SGR,Sturm Graz,Sturm Graz,Austria,Austria,105.0,86.0,19.0,1.0,8.0
2025,50043,BRU,Club Brugge,Club Brugge,Belgium,Bélgica,104.0,98.0,19.0,2.0,12.0
2025,52816,ATA,Atalanta,Atalanta,Italy,Italia,103.0,91.0,20.0,1.0,10.0
2025,50124,ATM,Atleti,Atleti,Spain,España,102.0,97.0,19.0,1.0,10.0
2025,75797,LIL,Lille,Lille,France,Francia,100.0,107.0,23.0,2.0,10.0
2025,50050,CEL,Celtic,Celtic,Scotland,Escocia,93.0,78.0,10.0,1.0,10.0
2025,50030,SAL,Salzburg,Salzburg,Austria,Austria,92.0,81.0,18.0,1.0,8.0
2025,50107,STU,Stuttgart,Stuttgart,Germany,Alemania,91.0,96.0,13.0,0.0,8.0
2025,2603790,RBL,Leipzig,Leipzig,Germany,Alemania,89.0,70.0,16.0,0.0,8.0
2025,52707,SHK,Shakhtar,Shakhtar,Ukraine,Ucrania,85.0,72.0,16.0,1.0,8.0
2025,50164,DIN,GNK Dinamo,GNK Dinamo,Croatia,Croacia,84.0,80.0,23.0,1.0,8.0
2025,50033,SPA,Sparta Praha,Sparta Praha,Czechia,Chequia,82.0,55.0,13.0,0.0,8.0
2025,52919,MCI,Man City,Man City,England,Inglaterra,79.0,71.0,12.0,0.0,10.0
2025,50069,ZVE,Crvena Zvezda,Crvena Zvezda,Serbia,Serbia,78.0,106.0,16.0,0.0,8.0
2025,52797,SLB,S. Bratislava,S. Bratislava,Slovakia,Eslovaquia,72.0,102.0,17.0,1.0,8.0
